motif_id	motif_alt_id	sequence_name	start	stop	strand	score	p-value	q-value	matched_sequence
GAL80		chrII	278604	278620	+	22.6757	7.39e-09	0.000161	CGGAAGACTCTCCTCCG
ORC1		chrII	84395	84411	-	23.1889	1.29e-08	2.57e-05	TTTTTTTTTTTTTTGTT
ORC1		chrII	307434	307450	-	22.9889	1.47e-08	2.57e-05	TTTTTTTTTATTTTTTT
UME6		chrII	62830	62842	+	20.1667	1.49e-08	0.000215	ATTTAGCCGCCGA
FKH1		chrII	40681	40693	-	20.1648	1.49e-08	0.000127	AAATGTAAACAAA
ORC1		chrII	504493	504509	-	22.9111	1.57e-08	2.57e-05	TGTTTTTATATTTTTTT
ORC1		chrII	809794	809810	+	22.3444	2.58e-08	2.57e-05	TTTTTTTTTTTTTTTTT
ORC1		chrII	809795	809811	+	22.3444	2.58e-08	2.57e-05	TTTTTTTTTTTTTTTTT
ORC1		chrII	809796	809812	+	22.3444	2.58e-08	2.57e-05	TTTTTTTTTTTTTTTTT
HAP5		chrII	36581	36594	-	18.6333	2.61e-08	0.000302	GGGATCTGATTGGC
ORC1		chrII	326192	326208	+	22.3	2.68e-08	2.57e-05	ATTTTTTACATTTTTTT
ORC1		chrII	77	93	+	22.1556	2.97e-08	2.57e-05	TTATTTTATGTTTACTT
FKH2		chrII	40681	40693	-	20.1325	2.98e-08	0.00027	AAATGTAAACAAA
ORC1		chrII	809793	809809	+	21.5	4.91e-08	3.77e-05	ATTTTTTTTTTTTTTTT
UME6		chrII	101348	101360	+	19.7111	5.96e-08	0.000429	AAATAGCCGCCGA
HSF1		chrII	444851	444864	-	19.6447	7.08e-08	0.000422	GGAATCTTCTGGAA
ORC1		chrII	809792	809808	+	20.6333	8.99e-08	6.21e-05	TATTTTTTTTTTTTTTT
GAL80		chrII	278586	278602	-	20.0991	1.51e-07	0.00164	CGGAGGGCTGTCGCCCG
ORC1		chrII	738472	738488	-	19.7889	1.56e-07	9.47e-05	CATTTTTTTGTTTTTTT
ABF1		chrII	770734	770746	-	15.6145	1.64e-07	0.00205	ATCACTTTACACG
ORC1		chrII	84396	84412	-	19.6111	1.75e-07	9.47e-05	ATTTTTTTTTTTTTTGT
ORC1		chrII	809797	809813	+	19.5889	1.78e-07	9.47e-05	TTTTTTTTTTTTTTTTC
UME6		chrII	771105	771117	-	18.4889	1.94e-07	0.00093	ATTTAGCCGCCAA
STB3		chrII	449389	449399	-	18.6374	2.38e-07	0.00138	AATTTTTCACT
SFP1		chrII	398362	398373	-	17.6069	2.38e-07	0.000868	AAAAATTTTTCT
SFP1		chrII	549186	549197	-	17.6069	2.38e-07	0.000868	AAAAATTTTTCT
RAP1		chrII	181495	181505	+	17.7183	2.38e-07	0.00152	CACCCATACAT
ORC1		chrII	736124	736140	+	19.0111	2.5e-07	0.000124	ATTATTTTTTTTTAGGT
SFP1		chrII	84406	84417	+	17.5379	2.98e-07	0.000868	AAAAAATTTTTC
SFP1		chrII	532340	532351	+	17.5379	2.98e-07	0.000868	AAAAAATTTTTC
SFP1		chrII	581552	581563	-	17.5379	2.98e-07	0.000868	AAAAAATTTTTC
ORC1		chrII	426979	426995	-	18.6333	3.14e-07	0.000136	TGTTTTTTTTTTTAGGT
ORC1		chrII	741770	741786	-	18.6333	3.14e-07	0.000136	ATTTTTAACGTTTTGTT
YGR067C		chrII	5604	5616	-	16.6778	3.43e-07	0.00436	GCGGGGTAATACA
SFP1		chrII	84405	84416	-	17.5034	3.58e-07	0.000868	AAAAATTTTTTT
SFP1		chrII	581553	581564	+	17.5034	3.58e-07	0.000868	AAAAATTTTTTT
HAP5		chrII	36536	36549	+	17.2333	3.58e-07	0.00207	CCGCGCTGATTGGT
ORC1		chrII	419346	419362	-	18.4111	3.6e-07	0.000146	TTTTTTCTTGTTTTGGT
ORC1		chrII	458534	458550	-	18.3111	3.82e-07	0.000147	TGTATTTATATTTTCGT
FKH2		chrII	83	95	-	17.7711	4.17e-07	0.00189	AAAAGTAAACATA
ORC1		chrII	664855	664871	-	17.9333	4.64e-07	0.000169	TTTATTTTCTTTTTTTT
STB3		chrII	269680	269690	+	18.4505	4.77e-07	0.00138	ATTTTTTCACT
RAP1		chrII	682057	682067	+	17.6479	4.77e-07	0.00152	CACCCATACAC
INO4		chrII	297894	297904	-	18.4333	4.77e-07	0.00531	ACATGTGAAAA
INO2		chrII	297894	297904	-	18.4333	4.77e-07	0.00543	ACATGTGAAAA
SFP1		chrII	549188	549199	+	17.2345	5.36e-07	0.00094	AAAAATTTTTCC
ORC1		chrII	738466	738482	-	17.5	5.92e-07	0.000204	TTTGTTTTTTTTTTGTC
STB1		chrII	706886	706897	+	16.1889	5.96e-07	0.00571	AATTTTCGCGCT
SFP1		chrII	532339	532350	-	17.131	5.96e-07	0.00094	AAAAATTTTTTC
SFP1		chrII	362729	362740	+	17.0069	6.56e-07	0.00094	GAAAAATTTTCC
SFP1		chrII	774579	774590	-	17.0069	6.56e-07	0.00094	GAAAAATTTTCC
ORC1		chrII	307436	307452	-	17.2333	6.79e-07	0.000224	CTTTTTTTTTTATTTTT
STB3		chrII	532344	532354	+	16.9121	7.15e-07	0.00138	AATTTTTCATT
STB3		chrII	716619	716629	+	16.9121	7.15e-07	0.00138	AATTTTTCATT
SFP1		chrII	774580	774591	+	16.9724	7.15e-07	0.00094	GAAAATTTTTCT
REB1		chrII	151348	151358	-	16.5484	7.15e-07	0.00421	TCCGGGTAATA
REB1		chrII	532372	532382	+	16.5484	7.15e-07	0.00421	TCCGGGTAATA
RAP1		chrII	107797	107807	-	16.2958	7.15e-07	0.00152	CACCCAAACAT
RAP1		chrII	476770	476780	+	16.2958	7.15e-07	0.00152	CACCCAAACAT
SFP1		chrII	398363	398374	-	16.9034	7.75e-07	0.00094	GAAAAATTTTTC
SFP1		chrII	549187	549198	+	16.9034	7.75e-07	0.00094	GAAAAATTTTTC
ABF1		chrII	535082	535094	-	15.0361	7.9e-07	0.0046	ATCATTTTATACG
FKH1		chrII	625139	625151	-	17.011	8.05e-07	0.00342	AAGTATAAACAAA
MIG1		chrII	338515	338528	+	16.56	8.08e-07	0.00839	CCCCCCACGTTTTT
ORC1		chrII	504547	504563	+	16.8111	8.39e-07	0.000264	TTTATTTTTCTTTTGGT
NDT80		chrII	537646	537658	+	16.9009	8.94e-07	0.00886	TAACACAAAAACG
HAP5		chrII	315378	315391	-	16.4778	9.13e-07	0.00352	CGCCGCTCATTGGT
SWI6		chrII	3893	3902	-	15.8026	9.54e-07	0.0067	AACGCGAAAA
SWI6		chrII	565038	565047	+	15.8026	9.54e-07	0.0067	AACGCGAAAA
STB5		chrII	547246	547255	+	15.7952	9.54e-07	0.0119	TATAACACCG
STB3		chrII	718281	718291	+	16.7253	9.54e-07	0.00148	ATTTTTTCATT
RPN4		chrII	682045	682054	-	18.6579	9.54e-07	0.0137	GGTGGCAAAA
PDR3		chrII	217243	217252	+	17.95	9.54e-07	0.00813	TTTCCGCGGA
PDR3		chrII	217276	217285	+	17.95	9.54e-07	0.00813	TTTCCGCGGA
PDR1		chrII	217243	217252	+	17.3556	9.54e-07	0.00941	TTTCCGCGGA
PDR1		chrII	217276	217285	+	17.3556	9.54e-07	0.00941	TTTCCGCGGA
PBF1		chrII	549668	549677	-	16.7912	9.54e-07	0.0109	AGCTCATCGC
NHP6B		chrII	539856	539866	-	13.1486	9.54e-07	0.0111	TATATATTATA
ORC1		chrII	84398	84414	-	16.4778	1e-06	0.000301	AAATTTTTTTTTTTTTT
ABF1		chrII	216541	216553	+	14.9036	1.1e-06	0.0046	GTCACTTTCTACG
MCM1		chrII	393351	393366	+	15.5969	1.11e-06	0.0206	TTTCCAAAAGAGGAAA
FKH2		chrII	504543	504555	-	16.7108	1.15e-06	0.00327	AAAAATAAACAAT
HAP3		chrII	36576	36590	-	16.9222	1.18e-06	0.0127	TCTGATTGGCCAGGG
RAP1		chrII	477234	477244	+	16.0563	1.19e-06	0.00203	CACCCACACAT
ORC1		chrII	292115	292131	-	16.0333	1.23e-06	0.000356	AATTTTTTTTTTTTCTC
SIP4		chrII	728726	728738	-	17.23	1.28e-06	0.0156	CGGATGAATTGGG
RLM1		chrII	595133	595146	-	17.04	1.31e-06	0.015	GGCAAAACTTAAAT
FKH1		chrII	504543	504555	-	16.4945	1.36e-06	0.00385	AAAAATAAACAAT
YKL222C		chrII	589324	589334	-	15.4222	1.43e-06	0.0126	AACGGAGATTA
FKH2		chrII	625139	625151	-	16.5181	1.45e-06	0.00327	AAGTATAAACAAA
ORC1		chrII	452277	452293	-	15.6222	1.51e-06	0.000418	TTAATTTTCGTTTTTTT
SFP1		chrII	555833	555844	-	15.4897	1.55e-06	0.00161	AAAAAATTTTGC
SFP1		chrII	718276	718287	-	15.4897	1.55e-06	0.00161	AAAAAATTTTGC
SFP1		chrII	84407	84418	+	15.4621	1.61e-06	0.00161	AAAAATTTTTCG
SNT2		chrII	532388	532397	-	18.3667	1.91e-06	0.0251	TGATAGCGCC
REB1		chrII	691823	691833	-	15.8387	1.91e-06	0.00632	TCCGGGTAATG
ORC1		chrII	738470	738486	-	15.0222	1.98e-06	0.000526	TTTTTTTGTTTTTTTTT
ORC1		chrII	258116	258132	-	14.9111	2.08e-06	0.000531	CTTTTTCTCGTTTTTTT
YOX1		chrII	40621	40639	+	15.6867	2.12e-06	0.0176	ACTAATTATTTTATGTGAT
ROX1		chrII	774610	774621	-	16.1889	2.15e-06	0.0157	TCCATTGTTCCT
REB1		chrII	111292	111302	-	15.6452	2.15e-06	0.00632	TGCGGGTAACA
SFP1		chrII	398364	398375	+	15.1379	2.21e-06	0.00187	AAAAATTTTTCA
SFP1		chrII	532341	532352	+	15.1379	2.21e-06	0.00187	AAAAATTTTTCA
SFP1		chrII	581551	581562	-	15.1379	2.21e-06	0.00187	AAAAATTTTTCA
ORC1		chrII	84399	84415	-	14.7667	2.23e-06	0.000531	AAAATTTTTTTTTTTTT
ORC1		chrII	581554	581570	+	14.7667	2.23e-06	0.000531	AAAATTTTTTTTTTTTT
UME6		chrII	728273	728285	-	15.9444	2.34e-06	0.00842	AAGTAGCCGCCCA
FKH1		chrII	83	95	-	15.8791	2.34e-06	0.00498	AAAAGTAAACATA
STB3		chrII	398367	398377	+	16.2857	2.38e-06	0.00198	AATTTTTCACC
ORC1		chrII	504491	504507	-	14.6	2.4e-06	0.000553	TTTTTATATTTTTTTGA
RGT1		chrII	805033	805045	-	15.3407	2.49e-06	0.0339	ACTTCCGGATAAA
SFP1		chrII	483591	483602	-	14.9241	2.5e-06	0.00194	GAAAATTTTTAC
YPR015C		chrII	576249	576260	-	16.08	2.62e-06	0.0263	TATGTAAATCAT
SFP1		chrII	297915	297926	+	14.9103	2.62e-06	0.00194	GAAAAATTTTCA
SFP1		chrII	549166	549177	-	14.9103	2.62e-06	0.00194	GAAAAATTTTCA
RAP1		chrII	615187	615197	+	15.7746	2.62e-06	0.00319	AACCCATACAT
RAP1		chrII	792676	792686	-	15.7746	2.62e-06	0.00319	AACCCATACAT
ORC1		chrII	62778	62794	-	14.3	2.73e-06	0.000609	ATATTTCTTTTTTTTTT
STB3		chrII	680232	680242	-	16.0989	2.86e-06	0.00198	ATTTTTTCACC
SNT2		chrII	515525	515534	-	16	2.86e-06	0.0251	TGCTAGCGCC
AFT1		chrII	107803	107812	-	15.1892	2.86e-06	0.0426	TTTTGCACCC
ABF1		chrII	483636	483648	-	14.4217	2.92e-06	0.00807	ATCATTTTCTACG
STB3		chrII	495485	495495	-	15.8901	3.1e-06	0.00198	TATTTTTCACT
INO4		chrII	14056	14066	-	15.5889	3.1e-06	0.0173	GCATATGAAAA
INO2		chrII	14056	14066	-	15.5889	3.1e-06	0.0176	GCATATGAAAA
SFP1		chrII	647337	647348	+	14.7172	3.16e-06	0.00224	AAAATATTTTCT
FKH1		chrII	426549	426561	+	15.4835	3.32e-06	0.00566	TATGATAAACAAA
USV1		chrII	561156	561166	-	15.9	3.34e-06	0.0417	TAACCCCTGAA
STB3		chrII	398402	398412	-	15.8352	3.34e-06	0.00198	AATTTTTCAGT
PBF2		chrII	549668	549678	-	15.1538	3.34e-06	0.049	AAGCTCATCGC
ORC1		chrII	664856	664872	-	13.7556	3.45e-06	0.000722	ATTTATTTTCTTTTTTT
ORC1		chrII	581555	581571	+	13.7222	3.5e-06	0.000722	AAATTTTTTTTTTTTTC
ORC1		chrII	307431	307447	-	13.6778	3.57e-06	0.000722	TTTTTTATTTTTTTGGC
STB3		chrII	172395	172405	+	15.7033	3.58e-06	0.00198	TTTTTTTCACT
STB3		chrII	410875	410885	+	15.7033	3.58e-06	0.00198	TTTTTTTCACT
STB3		chrII	721261	721271	-	15.7033	3.58e-06	0.00198	TTTTTTTCACT
STB3		chrII	770695	770705	+	15.7033	3.58e-06	0.00198	TTTTTTTCACT
STB3		chrII	776419	776429	-	15.7033	3.58e-06	0.00198	TTTTTTTCACT
ABF1		chrII	392471	392483	+	14.2892	3.68e-06	0.00807	ATCATTATCAACG
ORC1		chrII	683201	683217	+	13.5889	3.71e-06	0.000722	TTAATTCACTTTTTTTT
UME6		chrII	505564	505576	+	15.3889	3.73e-06	0.0107	AAATACCCGCCGA
TEA1		chrII	683191	683209	+	14.2889	3.8e-06	0.0347	ACTTCGCTCTTTAATTCAC
ZMS1		chrII	301448	301456	+	13.8816	3.81e-06	0.0615	TTCCCCGCA
YRM1		chrII	62812	62821	+	13.7222	3.81e-06	0.0262	CCGGAAATAA
YDR026c		chrII	62807	62815	+	17.3	3.81e-06	0.00522	TTTACCCGG
YDR026c		chrII	307075	307083	+	17.3	3.81e-06	0.00522	TTTACCCGG
YDR026c		chrII	340867	340875	-	17.3	3.81e-06	0.00522	TTTACCCGG
YDR026c		chrII	398419	398427	+	17.3	3.81e-06	0.00522	TTTACCCGG
YDR026c		chrII	589292	589300	+	17.3	3.81e-06	0.00522	TTTACCCGG
YDR026c		chrII	618708	618716	+	17.3	3.81e-06	0.00522	TTTACCCGG
YDR026c		chrII	679339	679347	-	17.3	3.81e-06	0.00522	TTTACCCGG
YDR026c		chrII	728742	728750	+	17.3	3.81e-06	0.00522	TTTACCCGG
SWI4		chrII	3893	3901	-	15.4366	3.81e-06	0.0161	ACGCGAAAA
SWI4		chrII	474121	474129	+	15.4366	3.81e-06	0.0161	ACGCGAAAA
SWI4		chrII	565039	565047	+	15.4366	3.81e-06	0.0161	ACGCGAAAA
STP4		chrII	270079	270088	-	14.3968	3.81e-06	0.0587	GAGCGGCTGA
STP2		chrII	87960	87968	+	14.1	3.81e-06	0.031	GGCGCCGCA
STP2		chrII	203225	203233	-	14.1	3.81e-06	0.031	GGCGCCGCA
STP2		chrII	501702	501710	-	14.1	3.81e-06	0.031	GGCGCCGCA
SPT15		chrII	728288	728297	+	15.49	3.81e-06	0.0516	GTTTTATATA
RPN4		chrII	111317	111326	+	16.1974	3.81e-06	0.0137	GGTGGCGAAA
RPN4		chrII	181465	181474	+	16.1974	3.81e-06	0.0137	GGTGGCAAAC
RPN4		chrII	337046	337055	-	16.1974	3.81e-06	0.0137	GGTGGCAAAC
MET32		chrII	266400	266411	-	15.46	3.81e-06	0.0547	CTAGTGTGGCGC
MBP1		chrII	153802	153810	-	14.3956	3.81e-06	0.0458	TGACGCGTC
HAP4		chrII	36542	36550	+	15.9667	3.81e-06	0.0417	TGATTGGTC
HAL9		chrII	805037	805054	+	14.8425	3.81e-06	0.0887	TCCGGAAGTTTTCGCGGA
CUP9		chrII	809847	809855	+	15.2892	3.81e-06	0.0391	AATGTGTCA
AZF1		chrII	62783	62791	+	15.3421	3.81e-06	0.0024	AAAAAGAAA
AZF1		chrII	140711	140719	-	15.3421	3.81e-06	0.0024	AAAAAGAAA
AZF1		chrII	306126	306134	-	15.3421	3.81e-06	0.0024	AAAAAGAAA
AZF1		chrII	380071	380079	+	15.3421	3.81e-06	0.0024	AAAAAGAAA
AZF1		chrII	410905	410913	-	15.3421	3.81e-06	0.0024	AAAAAGAAA
AZF1		chrII	467041	467049	-	15.3421	3.81e-06	0.0024	AAAAAGAAA
AZF1		chrII	549621	549629	+	15.3421	3.81e-06	0.0024	AAAAAGAAA
AZF1		chrII	620737	620745	+	15.3421	3.81e-06	0.0024	AAAAAGAAA
AZF1		chrII	664858	664866	+	15.3421	3.81e-06	0.0024	AAAAAGAAA
AZF1		chrII	681999	682007	+	15.3421	3.81e-06	0.0024	AAAAAGAAA
AZF1		chrII	682010	682018	+	15.3421	3.81e-06	0.0024	AAAAAGAAA
AZF1		chrII	728236	728244	+	15.3421	3.81e-06	0.0024	AAAAAGAAA
AZF1		chrII	761129	761137	+	15.3421	3.81e-06	0.0024	AAAAAGAAA
AZF1		chrII	774587	774595	-	15.3421	3.81e-06	0.0024	AAAAAGAAA
AZF1		chrII	799003	799011	+	15.3421	3.81e-06	0.0024	AAAAAGAAA
ORC1		chrII	549620	549636	-	13.4889	3.87e-06	0.000722	TTTTTTCTTTCTTTTTT
ORC1		chrII	681998	682014	-	13.4889	3.87e-06	0.000722	TTTTTTCTTTCTTTTTT
SFP1		chrII	297914	297925	-	14.5034	3.87e-06	0.00244	GAAAATTTTTCA
SFP1		chrII	362728	362739	-	14.5034	3.87e-06	0.00244	GAAAATTTTTCA
SFP1		chrII	549167	549178	+	14.5034	3.87e-06	0.00244	GAAAATTTTTCA
ABF1		chrII	146010	146022	+	14.2048	4.22e-06	0.00807	ATCACTAATTACG
ORC1		chrII	792219	792235	+	13.2778	4.22e-06	0.000758	AGAAATTATGTTTTGTT
ORC1		chrII	307432	307448	-	13.2333	4.29e-06	0.000758	TTTTTTTATTTTTTTGG
NHP6B		chrII	539859	539869	+	12.5486	4.29e-06	0.0212	AATATATAAAG
ORC1		chrII	426985	427001	-	13.1778	4.39e-06	0.000758	CTTTTTTGTTTTTTTTT
YOX1		chrII	691834	691852	-	14.747	4.41e-06	0.0183	TTTAATTAGTTTCATCTAA
SFP1		chrII	393344	393355	+	14.3448	4.47e-06	0.00271	AAAAAAATTTCC
ORC1		chrII	84394	84410	-	13.1222	4.5e-06	0.000758	TTTTTTTTTTTTTGTTT
ORC1		chrII	504495	504511	-	13.0111	4.7e-06	0.000774	AGTGTTTTTATATTTTT
STB3		chrII	741227	741237	-	15.022	4.77e-06	0.00246	GTTTTTTCACT
NHP6A		chrII	539858	539867	+	13.6929	4.77e-06	0.0716	TAATATATAA
CAD1		chrII	168152	168161	-	15.31	4.77e-06	0.0582	ATTACTAAGC
FKH1		chrII	13994	14006	+	15.022	4.78e-06	0.00678	TAATGTAAACAGA
ORC1		chrII	483596	483612	+	12.8889	4.94e-06	0.000795	AATTTTCAATTTTTTTC
ABF1		chrII	164356	164368	-	14.0964	5.02e-06	0.00807	ATCACGATGCACG
SFL1		chrII	736104	736118	+	13.952	5.06e-06	0.0285	ATAGAATATAAAAAA
SFP1		chrII	84404	84415	-	14.2069	5.25e-06	0.00288	AAAATTTTTTTT
SFP1		chrII	581554	581565	+	14.2069	5.25e-06	0.00288	AAAATTTTTTTT
SFP1		chrII	718275	718286	-	14.2069	5.25e-06	0.00288	AAAAATTTTGCT
ORC1		chrII	292117	292133	-	12.7222	5.29e-06	0.000828	CTAATTTTTTTTTTTTC
ORC1		chrII	28474	28490	-	12.6778	5.39e-06	0.000828	ATATTTCTAATTTTGTT
ABF1		chrII	576196	576208	-	14.0482	5.45e-06	0.00807	ATCACATCATACG
MIG1		chrII	136172	136185	+	14.56	5.55e-06	0.0263	TACCCCAGATTTGT
FKH2		chrII	13994	14006	+	14.8554	5.56e-06	0.00921	TAATGTAAACAGA
ORC1		chrII	770694	770710	+	12.5667	5.63e-06	0.000846	TTTTTTTTCACTTTTTC
SFP1		chrII	774578	774589	-	14.1517	5.66e-06	0.00301	AAAAATTTTCCT
YPR196W		chrII	362734	362743	+	13.216	5.72e-06	0.0143	ATTTTCCCGA
YPR196W		chrII	547297	547306	-	13.216	5.72e-06	0.0143	ATTTTCCCGA
STB3		chrII	581549	581559	-	14.6703	5.72e-06	0.00277	AATTTTTCATA
RDS2		chrII	324189	324198	+	14.27	5.72e-06	0.0566	AAAAACCCGA
ORC1		chrII	681991	682007	-	12.5	5.79e-06	0.000851	TTTCTTTTTTTTTTTTT
THI2		chrII	307097	307111	+	11.48	5.91e-06	0.0385	GGCATCTATAAGAGC
REB1		chrII	122222	122232	-	14.871	5.96e-06	0.0115	GTCGGGTAACA
CUP2		chrII	555839	555849	-	15.7297	5.96e-06	0.0243	CAGCAAAAAAA
CUP2		chrII	811555	811565	+	15.7297	5.96e-06	0.0243	CAGCAGAAAAA
RGT1		chrII	727178	727190	+	14.3626	6.14e-06	0.0418	TTGTACGGAAAAA
REB1		chrII	568648	568658	-	14.8387	6.2e-06	0.0115	GACGGGTAACA
NHP6B		chrII	728289	728299	-	12.3371	6.2e-06	0.0212	TTTATATAAAA
STB3		chrII	716627	716637	+	14.5604	6.44e-06	0.00287	ATTTTTTCATG
ABF1		chrII	761088	761100	+	13.9398	6.44e-06	0.00807	ATCACATTACACG
ORC1		chrII	504543	504559	+	12.2	6.51e-06	0.00091	ATTGTTTATTTTTCTTT
ORC1		chrII	549628	549644	-	12.1889	6.54e-06	0.00091	CATATTCTTTTTTTCTT
SFL1		chrII	140712	140726	-	13.704	6.54e-06	0.0285	AAAGAAGAAAAAGAA
HAP3		chrII	111310	111324	+	14.8444	6.65e-06	0.0348	TCTTATTGGTGGCGA
STB3		chrII	549170	549180	+	14.5165	6.68e-06	0.00287	AATTTTTCAAG
RSC30		chrII	811578	811587	-	13.936	6.68e-06	0.17	CGCGCGCGCC
ORC1		chrII	426984	427000	-	12.1222	6.71e-06	0.00091	TTTTTTGTTTTTTTTTT
ORC1		chrII	738469	738485	-	12.1222	6.71e-06	0.00091	TTTTTTGTTTTTTTTTT
FKH2		chrII	426549	426561	+	14.5783	6.88e-06	0.00921	TATGATAAACAAA
ORC1		chrII	307435	307451	-	12.0222	6.98e-06	0.00091	TTTTTTTTTTATTTTTT
ORC1		chrII	426983	426999	-	12.0222	6.98e-06	0.00091	TTTTTGTTTTTTTTTTT
FKH2		chrII	496963	496975	+	14.5301	7.12e-06	0.00921	ATCAATAAACAAA
REB1		chrII	578212	578222	-	14.7419	7.15e-06	0.0115	GGCGGGTAATA
RLM1		chrII	741778	741791	+	14.69	7.23e-06	0.0337	GTTAAAAATTAAAT
ORC1		chrII	537630	537646	-	11.9111	7.29e-06	0.000933	ATTTTTTGTGTATTTTT
YRR1		chrII	62812	62821	+	13.9222	7.63e-06	0.0368	CCGGAAATAA
YPR013C		chrII	576250	576260	-	14.1333	7.63e-06	0.0541	TATGTAAATCA
YLL054C		chrII	805037	805054	-	14.069	7.63e-06	0.177	TCCGCGAAAACTTCCGGA
YER130C		chrII	479148	479156	+	14.6889	7.63e-06	0.0642	ATATAGGGG
SWI6		chrII	767728	767737	-	14.1974	7.63e-06	0.0295	GCCGCGAAAA
SWI4		chrII	458532	458540	+	13.9859	7.63e-06	0.0241	ACACGAAAA
STB4		chrII	331648	331656	-	15.58	7.63e-06	0.104	TCGATCCGA
STB3		chrII	172405	172415	-	14.4396	7.63e-06	0.00311	AATTTTTCAAA
SPT15		chrII	728292	728301	-	14.12	7.63e-06	0.0516	GGTTTATATA
SFP1		chrII	171225	171236	+	13.869	7.63e-06	0.00381	CAAAATTTTTTT
SFP1		chrII	555834	555845	+	13.869	7.63e-06	0.00381	CAAAATTTTTTT
RSC3		chrII	811580	811589	-	13.4667	7.63e-06	0.169	AACGCGCGCG
RPN4		chrII	771123	771132	+	14.3684	7.63e-06	0.0219	GGTGGCAAAG
RAP1		chrII	614267	614277	+	14.1549	7.63e-06	0.00721	CACCCACACCC
RAP1		chrII	682051	682061	+	14.1549	7.63e-06	0.00721	CACCCACACCC
HAP4		chrII	36580	36588	-	15.9556	7.63e-06	0.0417	TGATTGGCC
CHA4		chrII	512845	512853	-	14.45	7.63e-06	0.118	AACTCCGCC
AZF1		chrII	69635	69643	+	13.7632	7.63e-06	0.003	AAAAGGAAA
AZF1		chrII	307448	307456	+	13.7632	7.63e-06	0.003	AAAAGGAAA
AZF1		chrII	486879	486887	+	13.7632	7.63e-06	0.003	AAAAGGAAA
AZF1		chrII	539892	539900	+	13.7632	7.63e-06	0.003	AAAAGGAAA
AZF1		chrII	602371	602379	-	13.7632	7.63e-06	0.003	AAAAGGAAA
AZF1		chrII	623308	623316	-	13.7632	7.63e-06	0.003	AAAAGGAAA
AZF1		chrII	681177	681185	+	13.7632	7.63e-06	0.003	AAAAGGAAA
AZF1		chrII	706933	706941	+	13.7632	7.63e-06	0.003	AAAAGGAAA
AZF1		chrII	742702	742710	+	13.7632	7.63e-06	0.003	AAAAGGAAA
SMP1		chrII	686698	686710	-	12.8547	8.06e-06	0.0668	GCCTATAATGAAA
ABF1		chrII	297938	297950	-	13.7711	8.08e-06	0.00807	GTCATTATCAACG
ABF1		chrII	768099	768111	+	13.7711	8.08e-06	0.00807	ATCACGTTTCACG
REB1		chrII	276629	276639	-	14.6129	8.11e-06	0.0115	TACGGGTAATA
CUP2		chrII	151318	151328	-	15.0631	8.11e-06	0.0243	CAGAGAAAATG
ORC1		chrII	62779	62795	-	11.6	8.23e-06	0.00103	TATATTTCTTTTTTTTT
STB3		chrII	604338	604348	-	14.3297	8.34e-06	0.00323	ATTTTTTCAAG
MCM1		chrII	761117	761132	+	13.4806	8.51e-06	0.0581	TTTCTGAAATGGAAAA
SFP1		chrII	362730	362741	+	13.7793	8.52e-06	0.00414	AAAAATTTTCCC
YRM1		chrII	650181	650190	+	13.1875	8.58e-06	0.0262	ACGGAAAAAA
SWI6		chrII	611999	612008	-	14.1711	8.58e-06	0.0295	GTCGCGAAAA
LYS14		chrII	474133	474142	-	14.5904	8.58e-06	0.0537	AAATTCCGGC
ORC1		chrII	738471	738487	-	11.4778	8.63e-06	0.00106	ATTTTTTTGTTTTTTTT
ABF1		chrII	47264	47276	+	13.7229	8.69e-06	0.00807	ATCATTCTAAACG
ORC1		chrII	326190	326206	+	11.4444	8.74e-06	0.00106	TTATTTTTTACATTTTT
REB1		chrII	39	49	-	14.5806	8.82e-06	0.0115	TCCGGGTAAGA
ABF1		chrII	662729	662741	-	13.7108	8.84e-06	0.00807	GTCACTAACGACG
THI2		chrII	256075	256089	-	10.44	8.99e-06	0.0385	AGAAATTGTGAGAAC
SFP1		chrII	171224	171235	-	13.7172	9.06e-06	0.00428	AAAAAATTTTGG
ASG1		chrII	310475	310489	+	13.6964	9.18e-06	0.219	CCGGGTGATAGCCGA
MIG1		chrII	625157	625170	-	13.93	9.28e-06	0.0263	TTCCCCTCATTTTT
ORC1		chrII	721260	721276	-	11.2444	9.42e-06	0.00112	TTTTTTTTTTTTCACTT
MCM1		chrII	620686	620701	-	13.3643	9.43e-06	0.0581	TGTCCGTTTAGGGTAA
TEA1		chrII	419328	419346	-	12.4	9.48e-06	0.0432	TTTGCCCCCATTAATTATC
YPR196W		chrII	247498	247507	+	13	9.54e-06	0.0159	AATTTTCCGA
YKL222C		chrII	311584	311594	-	13.7	9.54e-06	0.0335	AACGGGAATAA
SUM1		chrII	275761	275771	+	15.1325	9.54e-06	0.0616	ATGACAGAAAA
SUM1		chrII	281105	281115	+	15.1325	9.54e-06	0.0616	ATGACAGAAAA
RPN4		chrII	80851	80860	-	14.2237	9.54e-06	0.0228	GGCGGCAAAA
PDR3		chrII	217245	217254	-	14.5	9.54e-06	0.0542	GCTCCGCGGA
ORC1		chrII	62776	62792	-	11.1778	9.66e-06	0.00113	ATTTCTTTTTTTTTTTT
ABF1		chrII	124926	124938	-	13.6386	9.75e-06	0.00807	GTCACGAAACACG
STB3		chrII	582301	582311	-	14.011	9.78e-06	0.00352	CTTTTTTCACT
ORC1		chrII	664847	664863	-	11.0889	9.99e-06	0.00115	CTTTTTTTTCTTTTCGA
GAL4		chrII	278585	278603	+	14.26	1e-05	0.23	GCGGGCGACAGCCCTCCGA
STB3		chrII	589548	589558	+	13.978	1e-05	0.00352	TTTTTTTCATT
ABF1		chrII	342133	342145	+	13.6145	1.01e-05	0.00807	ATCACGGCATACG
MIG1		chrII	800365	800378	+	13.81	1.01e-05	0.0263	GCCCCCGGATTTTA
YPR013C		chrII	342153	342163	+	13.9778	1.03e-05	0.0541	AATGTAAATCT
SWI6		chrII	307428	307437	+	13.9605	1.05e-05	0.0295	AACGCCAAAA
STB5		chrII	478968	478977	-	13.6867	1.05e-05	0.0657	GATAACACCG
RDS2		chrII	547302	547311	+	13.82	1.05e-05	0.0566	AAAATCCCGA
NHP6B		chrII	372871	372881	+	11.9657	1.05e-05	0.0212	TTTATATTAAA
NHP6B		chrII	736108	736118	+	11.9657	1.05e-05	0.0212	AATATAAAAAA
SFP1		chrII	393343	393354	-	13.5724	1.06e-05	0.00485	GAAATTTTTTTT
UME6		chrII	811565	811577	+	13.8556	1.07e-05	0.0251	AAAAAGCCGCCGA
REB1		chrII	679338	679348	+	14.3387	1.07e-05	0.0126	TCCGGGTAAAA
ORC1		chrII	292097	292113	-	10.8778	1.08e-05	0.00121	AAAATTCTTTTTTTTTT
ORC1		chrII	339474	339490	+	10.8667	1.09e-05	0.00121	CTCTTTTATGTATTTTT
NHP6B		chrII	539858	539868	-	11.9429	1.1e-05	0.0212	TTTATATATTA
ABF1		chrII	172354	172366	-	13.5542	1.1e-05	0.00807	GTCATTTAATACG
ABF1		chrII	770758	770770	-	13.5542	1.1e-05	0.00807	ATCATTAGACACG
ORC1		chrII	393337	393353	-	10.8333	1.1e-05	0.00121	AAATTTTTTTTTTTCGC
RLM1		chrII	84453	84466	+	13.91	1.1e-05	0.0337	GGTTAAACATAAAA
SFP1		chrII	718277	718288	+	13.4966	1.12e-05	0.00501	CAAAATTTTTTC
ORC1		chrII	267473	267489	+	10.7556	1.13e-05	0.00121	CTTCTTTATTTTTTTTC
ZMS1		chrII	604266	604274	+	13.1447	1.14e-05	0.082	TTCCCCGCT
YKL222C		chrII	62811	62821	+	13.5111	1.14e-05	0.0335	CCCGGAAATAA
YDR520C		chrII	512847	512855	+	13.8556	1.14e-05	0.0862	CGGAGTTAA
YDR026c		chrII	151349	151357	+	14.25	1.14e-05	0.0114	ATTACCCGG
YDR026c		chrII	532373	532381	-	14.25	1.14e-05	0.0114	ATTACCCGG
YDR026c		chrII	691824	691832	+	14.25	1.14e-05	0.0114	ATTACCCGG
STB4		chrII	372806	372814	+	15.32	1.14e-05	0.104	TCGGTCCGA
RTG3		chrII	727206	727214	+	14.2252	1.14e-05	0.136	GTCACGTGA
MGA1		chrII	75035	75043	-	13.1892	1.14e-05	0.123	AAAGAACAC
MATALPHA2		chrII	788776	788784	-	14.3964	1.14e-05	0.0661	AATTACACG
EDS1		chrII	217282	217290	+	13.0921	1.14e-05	0.0334	CGGAATAAT
EDS1		chrII	532364	532372	+	13.0921	1.14e-05	0.0334	CGGAATAAT
HAP3		chrII	662657	662671	-	14	1.15e-05	0.0348	TGTGATTGGCAGAGA
ORC1		chrII	664857	664873	-	10.7	1.16e-05	0.00121	TATTTATTTTCTTTTTT
ORC1		chrII	406334	406350	-	10.6889	1.16e-05	0.00121	AGAATTTTTGCTTAGTT
STB3		chrII	297912	297922	-	13.5934	1.17e-05	0.00376	AATTTTTCAGA
STB3		chrII	362726	362736	-	13.5934	1.17e-05	0.00376	AATTTTTCAGA
RLM1		chrII	549675	549688	+	13.78	1.17e-05	0.0337	GCTTAAATTCAAAA
YOX1		chrII	761084	761102	+	13.3494	1.2e-05	0.0331	AATAATCACATTACACGAA
FKH1		chrII	496963	496975	+	13.7033	1.21e-05	0.0147	ATCAATAAACAAA
YPR015C		chrII	342153	342164	+	13.54	1.22e-05	0.0609	AATGTAAATCTT
UME6		chrII	792698	792710	+	13.6556	1.22e-05	0.0251	ATTTAGGCGCCAA
SFP1		chrII	307461	307472	-	13.3931	1.22e-05	0.00524	GAAAACTTTTCT
SFP1		chrII	107559	107570	+	13.3862	1.23e-05	0.00524	AAAGAATTTTTC
PDR1		chrII	217245	217254	-	13.9111	1.24e-05	0.0815	GCTCCGCGGA
NHP6A		chrII	728289	728298	+	12.7795	1.24e-05	0.0769	TTTTATATAA
ORC1		chrII	393331	393347	-	10.5	1.24e-05	0.00128	TTTTTTTTCGCATTGTC
RFX1		chrII	371763	371775	+	12.5333	1.25e-05	0.164	TTGGCATAATAAC
STB3		chrII	483595	483605	+	13.5275	1.26e-05	0.00376	AAATTTTCAAT
STB3		chrII	549164	549174	-	13.5275	1.26e-05	0.00376	AAATTTTCAAT
ABF1		chrII	401011	401023	-	13.4217	1.28e-05	0.0089	ATCACACTATACG
HAP3		chrII	164294	164308	-	13.8111	1.29e-05	0.0348	GCTGATTGGTGTAGA
ORC1		chrII	62777	62793	-	10.3111	1.33e-05	0.00135	TATTTCTTTTTTTTTTT
YRM1		chrII	589491	589500	-	12.9306	1.34e-05	0.0262	ACGGAAATGA
STB3		chrII	532336	532346	-	13.4066	1.38e-05	0.00382	ATTTTTTCAGA
STB3		chrII	537625	537635	-	13.4066	1.38e-05	0.00382	ATTTTTTCAGA
ORC1		chrII	549621	549637	-	10.2	1.39e-05	0.00135	TTTTTTTCTTTCTTTTT
HAP5		chrII	164299	164312	-	13.5222	1.4e-05	0.0404	CTATGCTGATTGGT
ORC1		chrII	664852	664868	-	10.1778	1.4e-05	0.00135	ATTTTCTTTTTTTTCTT
ORC1		chrII	681992	682008	-	10.1778	1.4e-05	0.00135	CTTTCTTTTTTTTTTTT
ORC1		chrII	738467	738483	-	10.1333	1.42e-05	0.00135	TTTTGTTTTTTTTTTGT
ORC1		chrII	537632	537648	-	10.1222	1.43e-05	0.00135	TTATTTTTTGTGTATTT
YRR1		chrII	311584	311593	-	13.3111	1.43e-05	0.0368	ACGGGAATAA
CAD1		chrII	362681	362690	-	13.68	1.43e-05	0.0669	AATAGTAAGC
SFP1		chrII	410871	410882	+	13.2	1.45e-05	0.00598	GAAATTTTTTTC
MIG3		chrII	136170	136182	+	13.3735	1.46e-05	0.143	TTTACCCCAGATT
TEA1		chrII	800371	800389	-	11.4556	1.46e-05	0.0443	GGTACGGACAATAAAATCC
ORC1		chrII	360463	360479	-	10.0667	1.46e-05	0.00136	TTGTTTTTCATTTTTTT
GZF3		chrII	143008	143020	-	13.45	1.46e-05	0.197	ATGGCTTATCTGC
SFP1		chrII	256023	256034	-	13.1793	1.48e-05	0.00598	AAAAATCTTTTT
REB1		chrII	618707	618717	-	14	1.5e-05	0.0161	GCCGGGTAAAA
RGT1		chrII	107843	107855	+	13.2418	1.52e-05	0.0418	TCTTACGGATCAA
ZMS1		chrII	625162	625170	-	12.7105	1.53e-05	0.082	TTCCCCTCA
YRM1		chrII	87907	87916	-	12.7708	1.53e-05	0.0262	GCGGAAAAAA
SWI6		chrII	458531	458540	+	13.6711	1.53e-05	0.0335	TACACGAAAA
SWI4		chrII	611999	612007	-	13.7606	1.53e-05	0.0322	TCGCGAAAA
SUT2		chrII	645232	645239	-	14.9556	1.53e-05	0.107	AACTCCGA
STP3		chrII	28890	28897	+	13.0395	1.53e-05	0.112	GCTAGCGC
STP3		chrII	515526	515533	-	13.0395	1.53e-05	0.112	GCTAGCGC
SPT15		chrII	101745	101754	-	13.18	1.53e-05	0.0588	GACATATATA
SOK2		chrII	107638	107646	+	11.993	1.53e-05	0.146	ACATGCATG
PHO4		chrII	776383	776390	+	12.7821	1.53e-05	0.397	GCACGTGC
NRG1		chrII	275728	275736	+	14.4578	1.53e-05	0.107	TGGACCCTT
NRG1		chrII	544648	544656	+	14.4578	1.53e-05	0.107	TGGACCCTT
HMRA2		chrII	721215	721222	-	12.9737	1.53e-05	0.0764	CATGTAAT
HCM1		chrII	426553	426560	+	12.5395	1.53e-05	0.0219	ATAAACAA
HCM1		chrII	493022	493029	-	12.5395	1.53e-05	0.0219	ATAAACAA
HCM1		chrII	496967	496974	+	12.5395	1.53e-05	0.0219	ATAAACAA
HCM1		chrII	504544	504551	-	12.5395	1.53e-05	0.0219	ATAAACAA
HCM1		chrII	625140	625147	-	12.5395	1.53e-05	0.0219	ATAAACAA
FHL1		chrII	771090	771097	+	13.011	1.53e-05	0.243	GACGCAAA
EDS1		chrII	324199	324207	-	13	1.53e-05	0.0334	CGGAAAAAC
EDS1		chrII	407390	407398	-	13	1.53e-05	0.0334	CGGAAAAAC
EDS1		chrII	742677	742685	-	13	1.53e-05	0.0334	CGGAAAAAC
ADR1		chrII	395458	395465	-	12.8778	1.53e-05	0.25	ACCCCAAC
ORC1		chrII	301683	301699	+	9.92222	1.54e-05	0.00141	CAATTTTATCTTTTTGA
STB3		chrII	92292	92302	-	13.2527	1.55e-05	0.00414	GATTTTTCAAT
RAP1		chrII	589568	589578	+	13.5915	1.55e-05	0.0132	AACCCAGACAT
NDT80		chrII	727151	727163	+	13.2162	1.55e-05	0.0728	CAACACAAAAAAG
UME6		chrII	101391	101403	+	13.2333	1.55e-05	0.028	AAATAGCCGCGCT
ORC1		chrII	431871	431887	+	9.88889	1.55e-05	0.00141	CTTTTTTTTTCTTTCGC
SUM1		chrII	537611	537621	-	14.0241	1.6e-05	0.0616	GTGTCAGCAAA
ORC1		chrII	84400	84416	-	9.8	1.61e-05	0.00142	AAAAATTTTTTTTTTTT
ORC1		chrII	581553	581569	+	9.8	1.61e-05	0.00142	AAAAATTTTTTTTTTTT
SFP1		chrII	647335	647346	-	13.0414	1.62e-05	0.00638	AAAATATTTTAT
PHO2		chrII	670378	670387	+	11.8596	1.62e-05	0.0532	TTTATTAAAT
CIN5		chrII	486871	486880	-	13.4868	1.62e-05	0.08	TTACATAATT
MCM1		chrII	373236	373251	-	12.7132	1.63e-05	0.07	TGACCTTATTGGGTAA
ECM22		chrII	338557	338569	+	13.15	1.64e-05	0.217	TCGGGCCGTCGGA
ORC1		chrII	62775	62791	-	9.74444	1.64e-05	0.00142	TTTCTTTTTTTTTTTTC
MIG2		chrII	301446	301458	+	13.2169	1.64e-05	0.145	TTTTCCCCGCATT
YKL222C		chrII	276686	276696	-	13.1	1.65e-05	0.0361	TACGGAGATTA
ORC1		chrII	84397	84413	-	9.71111	1.66e-05	0.00142	AATTTTTTTTTTTTTTG
SFP1		chrII	107558	107569	-	12.9793	1.66e-05	0.00642	AAAAATTCTTTC
ORC1		chrII	40681	40697	+	9.67778	1.68e-05	0.00142	TTTGTTTACATTTTAGT
ORC1		chrII	611984	612000	+	9.66667	1.68e-05	0.00142	TTTTAAAATTTTTACTT
ROX1		chrII	738453	738464	-	13.6889	1.69e-05	0.041	TTTATTGTTTTT
RSC30		chrII	246786	246795	+	13.056	1.72e-05	0.219	TGCGCGCGGG
CUP2		chrII	159986	159996	-	13.9279	1.72e-05	0.0309	CAGAAAAAAAA
CUP2		chrII	811558	811568	+	13.9279	1.72e-05	0.0309	CAGAAAAAAAA
ORC1		chrII	664859	664875	-	9.56667	1.74e-05	0.00145	CATATTTATTTTCTTTT
RGT1		chrII	62807	62819	-	13.033	1.78e-05	0.0418	ATTTCCGGGTAAA
YPR196W		chrII	805032	805041	+	12.328	1.81e-05	0.0227	ATTTATCCGG
SWI6		chrII	380078	380087	+	13.4868	1.81e-05	0.0335	AACACGAAAT
STB3		chrII	132317	132327	+	13	1.81e-05	0.00467	AGTTTTTCATT
RAP1		chrII	362714	362724	-	13.3944	1.81e-05	0.014	CACCCACTCAC
MET31		chrII	381441	381450	-	13.42	1.81e-05	0.102	AATTGTGGCT
ORC1		chrII	716620	716636	+	9.44444	1.82e-05	0.00147	ATTTTTCATTTTTTCAT
ORC1		chrII	410897	410913	+	9.43333	1.83e-05	0.00147	CGATTTTTTTTCTTTTT
SFP1		chrII	611987	611998	+	12.8621	1.84e-05	0.00687	TAAAATTTTTAC
MIG3		chrII	301446	301458	+	13.0482	1.84e-05	0.143	TTTTCCCCGCATT
ORC1		chrII	193712	193728	-	9.41111	1.84e-05	0.00147	TTCATTTTTTTTTTCTT
ORC1		chrII	776423	776439	-	9.4	1.85e-05	0.00147	TTTTTCTACCTTTTTTT
UME6		chrII	202917	202929	+	12.9	1.86e-05	0.0297	ATTCTGCCGCCGA
SFP1		chrII	483592	483603	+	12.8483	1.86e-05	0.00687	TAAAAATTTTCA
REB1		chrII	62806	62816	-	13.629	1.88e-05	0.017	TCCGGGTAAAG
MIG2		chrII	136170	136182	+	13.012	1.89e-05	0.145	TTTACCCCAGATT
MCM1		chrII	668263	668278	+	12.5349	1.89e-05	0.07	TGTCCGTTTCAGGAAC
ORC1		chrII	549618	549634	-	9.32222	1.9e-05	0.00147	TTTTCTTTCTTTTTTTT
ORC1		chrII	681996	682012	-	9.32222	1.9e-05	0.00147	TTTTCTTTCTTTTTTTT
RLM1		chrII	458534	458547	+	12.69	1.9e-05	0.0388	ACGAAAATATAAAT
SWI6		chrII	706888	706897	-	13.3421	1.91e-05	0.0335	AGCGCGAAAA
SWI4		chrII	767728	767736	-	13.4507	1.91e-05	0.0322	CCGCGAAAA
SWI4		chrII	805045	805053	-	13.4507	1.91e-05	0.0322	CCGCGAAAA
PDR3		chrII	595124	595133	-	12.59	1.91e-05	0.078	TCTCCACGCA
PBF1		chrII	168225	168234	+	12.989	1.91e-05	0.109	TTCTCATCGC
NRG1		chrII	62752	62760	+	13.1205	1.91e-05	0.107	GGGACCCTG
EDS1		chrII	539847	539855	+	12.9737	1.91e-05	0.0334	TGGAAAAAT
ABF1		chrII	618682	618694	-	13.0723	1.91e-05	0.0124	ATCATCTTTTACG
HSF1		chrII	292106	292119	+	12.5921	1.92e-05	0.0358	AGAATTTTCGAGAA
STB3		chrII	581564	581574	+	12.9011	1.93e-05	0.00467	TTTTTTTCAGT
STB3		chrII	581578	581588	-	12.9011	1.93e-05	0.00467	TTTTTTTCAGT
ORC1		chrII	549619	549635	-	9.24444	1.96e-05	0.00147	TTTTTCTTTCTTTTTTT
ORC1		chrII	681997	682013	-	9.24444	1.96e-05	0.00147	TTTTTCTTTCTTTTTTT
ORC1		chrII	774581	774597	+	9.23333	1.96e-05	0.00147	AAAATTTTTCTTTTTTC
ORC1		chrII	84393	84409	-	9.22222	1.97e-05	0.00147	TTTTTTTTTTTTGTTTC
SFP1		chrII	292103	292114	-	12.7172	1.98e-05	0.00715	GAAAATTCTTTT
REB1		chrII	84431	84441	-	13.5968	1.98e-05	0.017	GGCGGGTAATC
ABF1		chrII	565089	565101	-	13.0361	1.98e-05	0.0124	GTCATTAGACACG
YRM1		chrII	549647	549656	-	12.3611	2e-05	0.0262	CCGGAAATTA
TEC1		chrII	431851	431860	-	13.1205	2e-05	0.308	AACATTCCCT
SUM1		chrII	378878	378888	+	13.241	2e-05	0.0616	ACGACACCAAA
STB3		chrII	147057	147067	-	12.8571	2e-05	0.0047	GTTTTTTCACG
RSC3		chrII	193677	193686	+	12.4556	2e-05	0.169	ATCGCGCGCC
RSC3		chrII	202909	202918	-	12.4556	2e-05	0.169	ATCGCGCGCC
CAD1		chrII	707266	707275	+	12.87	2e-05	0.0669	ATTAGTAATT
HSF1		chrII	634940	634953	-	12.4868	2.01e-05	0.0358	AGAAGGCACTAGAA
ORC1		chrII	307433	307449	-	9.15556	2.02e-05	0.00148	TTTTTTTTATTTTTTTG
ECM22		chrII	452320	452332	+	12.81	2.02e-05	0.217	AGGGGTCACCGGA
RLM1		chrII	680233	680246	+	12.51	2.03e-05	0.0388	GTGAAAAAATAAAA
REB1		chrII	132299	132309	+	13.5645	2.03e-05	0.017	GACGGGTAATG
SIP4		chrII	536315	536327	-	10.11	2.05e-05	0.1	CGGGTGAGAGGAA
INO4		chrII	664797	664807	-	12.4778	2.05e-05	0.0646	GCATGCGAAAA
INO2		chrII	664797	664807	-	12.4778	2.05e-05	0.0659	GCATGCGAAAA
SMP1		chrII	132260	132272	-	11.9244	2.07e-05	0.0668	TCCTATAATCAAA
SMP1		chrII	201876	201888	+	11.9244	2.07e-05	0.0668	ACCCATATTTATA
THI2		chrII	236168	236182	-	7.81	2.09e-05	0.0595	AGAAATTTTGAGAAC
YAP1		chrII	146015	146026	+	12.982	2.1e-05	0.124	TAATTACGAAAG
MET31		chrII	728695	728704	+	13.22	2.1e-05	0.102	AGCTGTGGTG
LYS14		chrII	281114	281123	+	13.012	2.1e-05	0.0537	AAATTCCGAT
LYS14		chrII	788848	788857	-	13.012	2.1e-05	0.0537	AAATTCCGAT
ORC1		chrII	565043	565059	-	9.03333	2.11e-05	0.00153	CTTTTTCTTTTCTTTTC
YGR067C		chrII	800354	800366	-	13.1	2.12e-05	0.135	GCGGGGTAAATTG
ORC1		chrII	360462	360478	-	8.97778	2.15e-05	0.00154	TGTTTTTCATTTTTTTT
ORC1		chrII	664854	664870	-	8.95556	2.16e-05	0.00154	TTATTTTCTTTTTTTTC
ROX1		chrII	707335	707346	+	13.2667	2.17e-05	0.041	TCCATTGTCTCC
NHP6B		chrII	429397	429407	+	11.2571	2.17e-05	0.0322	AATATAATATG
YRR1		chrII	512846	512855	+	12.6667	2.19e-05	0.0368	GCGGAGTTAA
YRM1		chrII	311584	311593	-	12.2083	2.19e-05	0.0262	ACGGGAATAA
SPT15		chrII	47245	47254	+	12.97	2.19e-05	0.0588	GTCTTATATA
FKH2		chrII	101801	101813	+	12.7108	2.19e-05	0.0221	AACGATAAACATA
FKH2		chrII	391711	391723	-	12.7108	2.19e-05	0.0221	ATAAATAAACACA
CAD1		chrII	505595	505604	-	12.76	2.19e-05	0.0669	ATTAATCATC
SKN7		chrII	555867	555880	-	11.8472	2.2e-05	0.273	CAGTAATGGCCGGA
NDT80		chrII	238378	238390	+	12.6216	2.2e-05	0.0728	TGACAAAAAAACC
SUM1		chrII	75040	75050	-	12.8795	2.22e-05	0.0616	GTGTCACAAAG
STB3		chrII	488715	488725	-	12.6703	2.22e-05	0.00486	GTTTTTTCACC
NHP6B		chrII	535094	535104	+	11.24	2.22e-05	0.0322	TATATTTAAAA
STB3		chrII	653224	653234	-	12.6484	2.24e-05	0.00486	AATTTTCCACG
FKH1		chrII	493021	493033	-	12.7143	2.24e-05	0.0237	AGTCATAAACAAT
STB3		chrII	533554	533564	-	12.5824	2.26e-05	0.00486	ATTATTTCATT
ABF1		chrII	153852	153864	-	12.9036	2.26e-05	0.0134	ATCGCCTCAAACG
MCM1		chrII	452262	452277	+	12.3101	2.27e-05	0.07	TTTCCGGAAAAGAAAA
YRR1		chrII	276686	276695	-	12.6444	2.29e-05	0.0368	ACGGAGATTA
YRR1		chrII	589324	589333	-	12.6444	2.29e-05	0.0368	ACGGAGATTA
SWI4		chrII	706888	706896	-	13.2113	2.29e-05	0.0322	GCGCGAAAA
SWI4		chrII	784974	784982	+	13.2113	2.29e-05	0.0322	GCGCGAAAA
RDR1		chrII	203214	203222	+	12.5	2.29e-05	0.0852	TGCGGAAAA
RDR1		chrII	407392	407400	-	12.5	2.29e-05	0.0852	TGCGGAAAA
PDR3		chrII	23880	23889	-	11.73	2.29e-05	0.078	GTTCCGCGGG
NHP6A		chrII	476796	476805	-	12.1024	2.29e-05	0.0769	CGATATATAA
MATALPHA2		chrII	132341	132349	-	13.4144	2.29e-05	0.0661	AAATACATG
EDS1		chrII	805032	805040	-	12.7632	2.29e-05	0.0334	CGGATAAAT
CUP9		chrII	306153	306161	-	12.8554	2.29e-05	0.0781	AATATGTCA
CUP9		chrII	653242	653250	+	12.8554	2.29e-05	0.0781	AATATGTCA
LEU3		chrII	376062	376075	-	12.4667	2.33e-05	0.23	CCGGAACCGGCATC
YAP7		chrII	168151	168161	-	12.9079	2.36e-05	0.0813	ATTACTAAGCT
STB3		chrII	87878	87888	-	12.5385	2.36e-05	0.00486	AATATTTCAAT
YOX1		chrII	761106	761124	+	12.3012	2.38e-05	0.0419	CTTAATTTGTCTTTCTGAA
SWI6		chrII	805045	805054	-	13.0132	2.38e-05	0.0335	TCCGCGAAAA
STB3		chrII	356113	356123	-	12.5165	2.38e-05	0.00486	AATTTATCACT
RPH1		chrII	679351	679360	+	12.95	2.38e-05	0.155	AATTAAGGGT
NHP6A		chrII	391716	391725	-	12.0551	2.38e-05	0.0769	CTATAAATAA
HSF1		chrII	576219	576232	+	12.1184	2.4e-05	0.0358	GGGACGTTCTAGAA
RGT1		chrII	62808	62820	+	12.6044	2.42e-05	0.0418	TTACCCGGAAATA
RGT1		chrII	124894	124906	+	12.6044	2.42e-05	0.0418	TTTCCAGGAAAAA
ORC1		chrII	410900	410916	+	8.62222	2.43e-05	0.00169	TTTTTTTTCTTTTTCCT
SFL1		chrII	467042	467056	-	12.304	2.43e-05	0.035	AGGGAAGAAAAAGAA
ABF1		chrII	561105	561117	+	12.8313	2.43e-05	0.0134	ATCGTCATATACG
ORC1		chrII	452275	452291	-	8.57778	2.47e-05	0.00169	AATTTTCGTTTTTTTTT
ORC1		chrII	809798	809814	+	8.57778	2.47e-05	0.00169	TTTTTTTTTTTTTTTCA
ORC1		chrII	799000	799016	-	8.56667	2.48e-05	0.00169	TTTTTTTTCTTTTTCTG
MET31		chrII	767719	767728	-	12.67	2.48e-05	0.102	AGCTGTGGCA
CUP2		chrII	88263	88273	-	12.9369	2.48e-05	0.0349	CAGAGAAAAAA
ORC1		chrII	466480	466496	-	8.54444	2.49e-05	0.00169	TTTTTTTCCCTTTTCTT
YOX1		chrII	784946	784964	-	12.2048	2.53e-05	0.0419	CCTAATTACATTTTTATAT
ORC1		chrII	664858	664874	-	8.5	2.53e-05	0.0017	ATATTTATTTTCTTTTT
STB1		chrII	474120	474131	-	12.9	2.55e-05	0.0836	GTTTTTCGCGTG
HAP3		chrII	36540	36554	+	12.5222	2.55e-05	0.0479	GCTGATTGGTCGCCC
ORC1		chrII	84390	84406	-	8.47778	2.55e-05	0.0017	TTTTTTTTTGTTTCCGC
YRR1		chrII	512863	512872	-	12.5778	2.57e-05	0.0368	GCGGGGATAA
YRM1		chrII	276686	276695	-	11.9722	2.57e-05	0.0262	ACGGAGATTA
YRM1		chrII	589324	589333	-	11.9722	2.57e-05	0.0262	ACGGAGATTA
REB1		chrII	405483	405493	-	13.1935	2.57e-05	0.0183	TACGGGTAACT
PHO2		chrII	589246	589255	+	11.4737	2.57e-05	0.0532	TTAATTAATA
PHO2		chrII	723089	723098	+	11.4737	2.57e-05	0.0532	ATAATAAAAT
ROX1		chrII	159979	159990	+	12.9222	2.59e-05	0.041	CCTTTTGTTTTT
REB1		chrII	813042	813052	+	13.1774	2.6e-05	0.0183	ACAGGGTAACG
ABF1		chrII	128968	128980	+	12.759	2.62e-05	0.0134	ATCATCTCTTACG
UME6		chrII	784924	784936	-	12.2778	2.63e-05	0.0367	ATAAAGCCGCCAA
STB3		chrII	203237	203247	-	12.3626	2.65e-05	0.00525	AACTTTTCACT
REB1		chrII	620684	620694	-	13.1613	2.65e-05	0.0183	TTAGGGTAATA
ORC1		chrII	681999	682015	-	8.35556	2.66e-05	0.00175	CTTTTTTCTTTCTTTTT
SFP1		chrII	410870	410881	-	12.2483	2.66e-05	0.00943	AAAAAAATTTCA
YPR196W		chrII	324199	324208	+	12.04	2.67e-05	0.0247	GTTTTTCCGA
YML081W		chrII	301448	301456	+	12.8675	2.67e-05	0.151	TTCCCCGCA
YDR520C		chrII	62813	62821	+	12.8556	2.67e-05	0.0862	CGGAAATAA
SWI6		chrII	419364	419373	+	12.8289	2.67e-05	0.0335	ACCGCGAAAT
SPT15		chrII	807293	807302	-	12.74	2.67e-05	0.0588	CATTTATATA
RDR1		chrII	84389	84397	+	12.42	2.67e-05	0.0852	TGCGGAAAC
RDR1		chrII	586383	586391	-	12.42	2.67e-05	0.0852	TGCGGAAAC
RAP1		chrII	5631	5641	+	12.5352	2.67e-05	0.0189	GACCCATTCAC
MATALPHA2		chrII	474145	474153	-	13.2432	2.67e-05	0.0661	AATTACATA
HAP4		chrII	662661	662669	-	12.3444	2.67e-05	0.075	TGATTGGCA
EDS1		chrII	87907	87915	-	12.5789	2.67e-05	0.0334	CGGAAAAAA
EDS1		chrII	650182	650190	+	12.5789	2.67e-05	0.0334	CGGAAAAAA
HAP3		chrII	315373	315387	-	12.4222	2.67e-05	0.0479	GCTCATTGGTTCTCC
ORC1		chrII	426982	426998	-	8.27778	2.73e-05	0.00178	TTTTGTTTTTTTTTTTA
ABF1		chrII	782449	782461	+	12.7108	2.74e-05	0.0134	ATCGTGTTATACG
STB3		chrII	679367	679377	-	12.2857	2.74e-05	0.00531	CTTTTTTCATT
SWI6		chrII	132325	132334	-	12.8026	2.77e-05	0.0335	ATCGCGAAAT
CIN5		chrII	474144	474153	+	12.5789	2.77e-05	0.08	TTATGTAATT
MET32		chrII	381440	381451	-	11.97	2.77e-05	0.121	GAATTGTGGCTT
ORC1		chrII	549180	549196	-	8.23333	2.78e-05	0.00178	AAAATTTTTCTTTTCTC
ORC1		chrII	681994	682010	-	8.23333	2.78e-05	0.00178	TTCTTTCTTTTTTTTTT
ABF1		chrII	40644	40656	+	12.6867	2.81e-05	0.0134	ATCACGCGAAACG
HAP1		chrII	217271	217282	-	12.4868	2.82e-05	0.341	GCGGAAAGTCCG
ORC1		chrII	452271	452287	-	8.18889	2.82e-05	0.00179	TTCGTTTTTTTTTTCTT
STB3		chrII	800392	800402	+	12.2418	2.84e-05	0.00536	CATTTTTCAAT
SWI6		chrII	474120	474129	+	12.7368	2.86e-05	0.0335	CACGCGAAAA
ORC1		chrII	431899	431915	-	8.14444	2.86e-05	0.0018	AATTTTTATTTTTACCA
DAL82		chrII	565061	565074	+	12.2703	2.9e-05	0.524	GAGGCGCAGATCTC
GAL80		chrII	406006	406022	-	9.51351	2.91e-05	0.211	CGGGGAATTGAACCCCG
SFP1		chrII	393345	393356	+	12.0897	2.91e-05	0.00972	AAAAAATTTCCA
ORC1		chrII	360461	360477	-	8.07778	2.93e-05	0.00182	GTTTTTCATTTTTTTTA
ABF1		chrII	101367	101379	+	12.6386	2.93e-05	0.0134	GTCGCTATTCACG
UME6		chrII	578212	578224	+	12.0778	2.94e-05	0.0367	TATTACCCGCCAA
ORC1		chrII	650186	650202	-	8.05556	2.95e-05	0.00182	GATTTTCACATTTTTTT
YPR196W		chrII	647317	647326	+	11.976	2.96e-05	0.0247	ATTTCTCCGT
YAP7		chrII	362680	362690	-	12.4342	2.96e-05	0.0813	AATAGTAAGCA
STP4		chrII	466549	466558	-	12.2381	2.96e-05	0.0929	GTGCGGCTCA
ABF1		chrII	495468	495480	-	12.6265	2.97e-05	0.0134	GTCACTCACAACG
SFP1		chrII	171226	171237	+	12.0621	2.97e-05	0.00972	AAAATTTTTTTG
SFP1		chrII	555835	555846	+	12.0621	2.97e-05	0.00972	AAAATTTTTTTG
SFP1		chrII	555832	555843	-	12.0621	2.97e-05	0.00972	AAAAATTTTGCG
STB3		chrII	405522	405532	+	12.1209	2.98e-05	0.00549	AATTATTCACT
ABF1		chrII	292146	292158	+	12.6145	3e-05	0.0134	GTCATTCAATACG
ORC1		chrII	504548	504564	+	7.95556	3.05e-05	0.00187	TTATTTTTCTTTTGGTT
YML081W		chrII	5609	5617	+	12.6988	3.05e-05	0.151	TACCCCGCC
YML081W		chrII	800359	800367	+	12.6988	3.05e-05	0.151	TACCCCGCC
YLR278C		chrII	645232	645239	+	12.7895	3.05e-05	0.416	TCGGAGTT
YKL222C		chrII	650180	650190	+	12.4	3.05e-05	0.0389	GACGGAAAAAA
YER130C		chrII	742649	742657	-	12.9	3.05e-05	0.0826	ATAAAGGGG
TBF1		chrII	405512	405520	+	12.3976	3.05e-05	0.142	CAGCCCTAA
SWI4		chrII	40647	40655	+	12.6338	3.05e-05	0.0371	ACGCGAAAC
SUT2		chrII	136164	136171	-	13.6556	3.05e-05	0.107	AAGTCCGA
SUT2		chrII	217270	217277	-	13.6556	3.05e-05	0.107	AAGTCCGA
SUT2		chrII	650209	650216	+	13.6556	3.05e-05	0.107	AAGTCCGA
STP4		chrII	63539	63548	-	12.2302	3.05e-05	0.0929	ATGTGGCTGA
STP4		chrII	495441	495450	-	12.2302	3.05e-05	0.0929	ATGTGGCTGA
STP3		chrII	537570	537577	+	12.1053	3.05e-05	0.149	ACTAGCGC
RDS1		chrII	270119	270126	-	13.1758	3.05e-05	0.795	TCGGCCGC
PDR1		chrII	23880	23889	-	12.4778	3.05e-05	0.151	GTTCCGCGGG
PBF2		chrII	168224	168234	+	12.4615	3.05e-05	0.201	GTTCTCATCGC
HMRA2		chrII	453449	453456	+	12.8421	3.05e-05	0.0764	CATGTAAA
HMRA2		chrII	691766	691773	+	12.8421	3.05e-05	0.0764	CATGTAAA
HCM1		chrII	40682	40689	-	11.5132	3.05e-05	0.0219	GTAAACAA
HCM1		chrII	122195	122202	+	11.5132	3.05e-05	0.0219	GTAAACAA
HAP4		chrII	300151	300159	-	12.3111	3.05e-05	0.075	TGATTGTTC
GCR1		chrII	216515	216522	+	12.74	3.05e-05	0.132	AGGAAGCC
GCR1		chrII	595111	595118	+	12.74	3.05e-05	0.132	AGGAAGCC
GCR1		chrII	614248	614255	-	12.74	3.05e-05	0.132	AGGAAGCC
CHA4		chrII	360448	360456	-	12.67	3.05e-05	0.147	AACCCCGCC
BAS1		chrII	466531	466540	-	12.39	3.05e-05	0.316	GGCTGAGTCA
AZF1		chrII	107571	107579	-	13.0658	3.05e-05	0.00587	AAAAAGAAC
AZF1		chrII	171270	171278	-	13.0658	3.05e-05	0.00587	AAAAAGAAT
AZF1		chrII	202461	202469	-	13.0658	3.05e-05	0.00587	CAAAAGAAA
AZF1		chrII	236244	236252	+	13.0658	3.05e-05	0.00587	GAAAAGAAA
AZF1		chrII	281097	281105	+	13.0658	3.05e-05	0.00587	GAAAAGAAA
AZF1		chrII	292102	292110	+	13.0658	3.05e-05	0.00587	AAAAAGAAT
AZF1		chrII	339458	339466	-	13.0658	3.05e-05	0.00587	GAAAAGAAA
AZF1		chrII	339463	339471	-	13.0658	3.05e-05	0.00587	GAAAAGAAA
AZF1		chrII	427585	427593	-	13.0658	3.05e-05	0.00587	GAAAAGAAA
AZF1		chrII	452268	452276	+	13.0658	3.05e-05	0.00587	GAAAAGAAA
AZF1		chrII	504553	504561	-	13.0658	3.05e-05	0.00587	CAAAAGAAA
AZF1		chrII	535149	535157	+	13.0658	3.05e-05	0.00587	GAAAAGAAA
AZF1		chrII	536371	536379	+	13.0658	3.05e-05	0.00587	AAAAAGAAG
AZF1		chrII	549182	549190	+	13.0658	3.05e-05	0.00587	GAAAAGAAA
AZF1		chrII	549633	549641	+	13.0658	3.05e-05	0.00587	AAAAAGAAT
AZF1		chrII	565043	565051	+	13.0658	3.05e-05	0.00587	GAAAAGAAA
AZF1		chrII	565048	565056	+	13.0658	3.05e-05	0.00587	GAAAAGAAA
AZF1		chrII	602389	602397	-	13.0658	3.05e-05	0.00587	CAAAAGAAA
AZF1		chrII	664849	664857	+	13.0658	3.05e-05	0.00587	GAAAAGAAA
AZF1		chrII	666590	666598	+	13.0658	3.05e-05	0.00587	AAAAAGAAT
AZF1		chrII	679372	679380	+	13.0658	3.05e-05	0.00587	AAAAAGAAT
AZF1		chrII	682015	682023	+	13.0658	3.05e-05	0.00587	GAAAAGAAA
AZF1		chrII	683258	683266	+	13.0658	3.05e-05	0.00587	CAAAAGAAA
AZF1		chrII	721230	721238	-	13.0658	3.05e-05	0.00587	TAAAAGAAA
AZF1		chrII	792244	792252	+	13.0658	3.05e-05	0.00587	GAAAAGAAA
AFT1		chrII	477229	477238	+	12.3514	3.05e-05	0.204	TGTTGCACCC
STB1		chrII	3891	3902	+	12.5556	3.08e-05	0.0836	CTTTTTCGCGTT
GAL4		chrII	275701	275719	+	12.54	3.09e-05	0.315	ACGGTCAACAGTTGTCCGA
STB3		chrII	774590	774600	+	12.0549	3.1e-05	0.00558	CTTTTTTCAAT
CUP2		chrII	776432	776442	+	12.1261	3.1e-05	0.0349	TAGAAAAAAAA
CUP2		chrII	799000	799010	+	12.1261	3.1e-05	0.0349	CAGAAAAAGAA
YKL222C		chrII	87907	87917	-	12.3778	3.12e-05	0.0389	AGCGGAAAAAA
NHP6B		chrII	372868	372878	-	10.9714	3.12e-05	0.0367	AATATAAATAG
MET32		chrII	799063	799074	+	11.72	3.13e-05	0.121	TCGGTGTGGCGC
ABF1		chrII	458524	458536	+	12.5663	3.13e-05	0.0135	ATCACAGTACACG
TEA1		chrII	721237	721255	+	9.67778	3.14e-05	0.0716	TATTCGCGGAGTAAAGTTC
INO4		chrII	716609	716619	-	11.5111	3.15e-05	0.0646	TCATGAGAAAA
INO2		chrII	716609	716619	-	11.5111	3.15e-05	0.0659	TCATGAGAAAA
CIN5		chrII	47246	47255	-	12.4079	3.15e-05	0.08	TTATATAAGA
UME6		chrII	193695	193707	-	11.8889	3.22e-05	0.0367	TAACAGCCGCCGA
SFP1		chrII	92307	92318	-	11.9379	3.22e-05	0.0103	GAAATATTTTCG
STP4		chrII	799027	799036	-	12.127	3.24e-05	0.0929	GTGTGGCTGT
RSC3		chrII	811578	811587	+	12.0444	3.24e-05	0.201	GGCGCGCGCG
RGT1		chrII	512838	512850	-	12.1648	3.27e-05	0.0418	TCCGCCGGAGAAA
SFL1		chrII	427637	427651	+	11.96	3.29e-05	0.035	AAAGAAGATCAGAAT
RLM1		chrII	145973	145986	+	11.15	3.29e-05	0.054	GTCAAAGAACAGAA
ORC1		chrII	721265	721281	-	7.72222	3.3e-05	0.00199	CGTCTTTTTTTTTTTTT
UME6		chrII	80850	80862	+	11.8444	3.31e-05	0.0367	TTTTTGCCGCCGC
STB3		chrII	462048	462058	-	11.9231	3.31e-05	0.00574	TATTTTTCATA
ORC1		chrII	799001	799017	-	7.7	3.32e-05	0.00199	CTTTTTTTTCTTTTTCT
ORC1		chrII	770690	770706	+	7.68889	3.33e-05	0.00199	CATTTTTTTTTTCACTT
SWI6		chrII	537597	537606	-	12.6184	3.34e-05	0.0361	ATCGCCAAAA
STB3		chrII	483606	483616	+	11.8791	3.34e-05	0.00574	TTTTTTCCACT
SPT15		chrII	706862	706871	+	12.53	3.34e-05	0.0588	GTTATATACA
PUT3		chrII	369839	369848	+	11.6937	3.34e-05	0.849	ATCCCGGAAT
CIN5		chrII	547241	547250	-	12.3684	3.34e-05	0.08	TTATATAACC
RGT1		chrII	62768	62780	-	12.1319	3.36e-05	0.0418	TTTTTCGGGAGAA
MET32		chrII	767718	767729	-	11.56	3.37e-05	0.121	AAGCTGTGGCAC
SFL1		chrII	405949	405963	-	11.928	3.38e-05	0.035	ACGGAAGAAACAAAG
RGT1		chrII	742678	742690	-	12.1099	3.39e-05	0.0418	GAATCCGGAAAAA
ABF1		chrII	113540	113552	-	12.4699	3.41e-05	0.0142	ATCACGCCTGACG
RGT1		chrII	647318	647330	-	12.0989	3.42e-05	0.0418	TTGTACGGAGAAA
ORC1		chrII	776424	776440	-	7.6	3.43e-05	0.00203	TTTTTTCTACCTTTTTT
YER130C		chrII	311668	311676	-	12.4556	3.43e-05	0.0826	GTATAGGGG
YDR520C		chrII	512837	512845	-	12.3333	3.43e-05	0.0862	CGGAGAAAA
YBR239C		chrII	306112	306120	+	12.4176	3.43e-05	0.233	TTTCGGAAT
TBS1		chrII	301672	301681	+	12.044	3.43e-05	0.491	CCGGTTCCGC
TBF1		chrII	311653	311661	+	12.1687	3.43e-05	0.142	AAACCCTAG
SWI4		chrII	307429	307437	+	12.3944	3.43e-05	0.0371	ACGCCAAAA
RTG3		chrII	269732	269740	-	12.3874	3.43e-05	0.136	TTCACGTGC
RDS2		chrII	281113	281122	+	12.28	3.43e-05	0.095	AAAATTCCGA
PHD1		chrII	107639	107647	+	11.37	3.43e-05	0.124	CATGCATGA
HAP4		chrII	339490	339498	+	12.3	3.43e-05	0.075	TGATTGTCC
EDS1		chrII	407403	407411	+	12.5395	3.43e-05	0.0334	GGGAAAAAT
EDS1		chrII	467009	467017	-	12.5395	3.43e-05	0.0334	GGGAAAAAT
EDS1		chrII	549192	549200	-	12.5395	3.43e-05	0.0334	AGGAAAAAT
CHA4		chrII	544622	544630	-	12.55	3.43e-05	0.147	TACTCCGCC
CAD1		chrII	311579	311588	-	11.58	3.43e-05	0.0698	AATAATAATC
CAD1		chrII	761081	761090	+	11.58	3.43e-05	0.0698	AATAATAATC
AZF1		chrII	59610	59618	-	13.0526	3.43e-05	0.00611	AAAAAGCAA
AZF1		chrII	88258	88266	-	13.0526	3.43e-05	0.00611	AAAAAGCAA
AZF1		chrII	201915	201923	+	13.0526	3.43e-05	0.00611	AAAAAGCAA
AZF1		chrII	582306	582314	+	13.0526	3.43e-05	0.00611	AAAAAGCAA
SFP1		chrII	532338	532349	-	11.8414	3.44e-05	0.0106	AAAATTTTTTCA
SFP1		chrII	718278	718289	+	11.8414	3.44e-05	0.0106	AAAATTTTTTCA
REB1		chrII	201868	201878	+	12.7419	3.46e-05	0.0188	ACAGGGTAACC
ORC1		chrII	339455	339471	+	7.56667	3.47e-05	0.00203	TTATTTCTTTTCTTTTC
NHP6B		chrII	504496	504506	+	10.8686	3.48e-05	0.0367	AAAATATAAAA
NHP6B		chrII	589314	589324	-	10.8686	3.48e-05	0.0367	AATATTTAAAA
FKH2		chrII	760758	760770	+	11.8193	3.49e-05	0.0274	AAAGATCAACAAA
SIP4		chrII	620696	620708	+	8.63	3.5e-05	0.1	CGGACAAATGGCG
REB1		chrII	69650	69660	+	12.7258	3.5e-05	0.0188	CGCGGGTAATA
REB1		chrII	565522	565532	-	12.7258	3.5e-05	0.0188	CGCGGGTAATA
FKH1		chrII	59605	59617	-	11.9121	3.51e-05	0.0237	AAAAGCAAACAGA
FKH1		chrII	760758	760770	+	11.9121	3.51e-05	0.0237	AAAGATCAACAAA
THI2		chrII	415519	415533	+	6.03	3.51e-05	0.0661	AGCAATTCGAAGAGG
PDR3		chrII	592940	592949	+	10.14	3.53e-05	0.0894	GCTCCACGCA
OAF1		chrII	62812	62821	-	11.82	3.53e-05	0.24	TTATTTCCGG
FKH1		chrII	394493	394505	-	11.9011	3.53e-05	0.0237	TCTTGCAAACAAA
YAP1		chrII	172348	172359	+	12.3694	3.55e-05	0.124	CACTTACGTATT
YAP7		chrII	168153	168163	+	12.1974	3.55e-05	0.0813	CTTAGTAATGA
STB3		chrII	393300	393310	+	11.7363	3.58e-05	0.00584	TTTTTTTCATA
REB1		chrII	427617	427627	-	12.6774	3.6e-05	0.0188	GTAGGGTAACG
MIG1		chrII	532367	532380	-	11.99	3.61e-05	0.075	TTACCCGGATTATT
STP4		chrII	270105	270114	-	12.0476	3.62e-05	0.0929	GAATGGCTGA
NHP6A		chrII	47248	47257	-	11.622	3.62e-05	0.0769	CCTTATATAA
INO4		chrII	324213	324223	+	11.2667	3.62e-05	0.0646	GCATATGAGAA
INO2		chrII	324213	324223	+	11.2667	3.62e-05	0.0659	GCATATGAGAA
ORC1		chrII	549622	549638	-	7.43333	3.63e-05	0.00211	CTTTTTTTCTTTCTTTT
ABF1		chrII	484633	484645	+	12.3976	3.63e-05	0.0147	ATCGCTCTTTACG
ROX1		chrII	394490	394501	+	12.2444	3.66e-05	0.041	TCTTTTGTTTGC
GZF3		chrII	642722	642734	-	11.86	3.67e-05	0.247	TCCCCTTATCAGA
STB3		chrII	107563	107573	+	11.6703	3.67e-05	0.00584	AATTTTTCGTT
REB1		chrII	595734	595744	-	12.6452	3.67e-05	0.0188	GAAGGGTAACG
YAP6		chrII	47247	47261	-	11.6491	3.68e-05	0.261	ATTACCTTATATAAG
HAP5		chrII	477199	477212	-	12.1111	3.69e-05	0.0683	GTTTGCTGATTGGC
YKL222C		chrII	549647	549657	-	12.1667	3.7e-05	0.0389	GCCGGAAATTA
ORC1		chrII	28437	28453	+	7.37778	3.7e-05	0.00211	TATTTTTTTTTTCTCGT
ORC1		chrII	736163	736179	-	7.37778	3.7e-05	0.00211	TTAGTATTTTTTTTCTC
TYE7		chrII	191908	191917	+	11.8304	3.72e-05	0.268	ATCACGCGAT
FKH1		chrII	297867	297879	-	11.8132	3.72e-05	0.0237	AACTGTAAACAGC
YKL222C		chrII	512863	512873	-	12.1444	3.74e-05	0.0389	AGCGGGGATAA
FKH1		chrII	101801	101813	+	11.8022	3.74e-05	0.0237	AACGATAAACATA
ABF1		chrII	565074	565086	-	12.3614	3.75e-05	0.0147	ATCACATACCACG
STB3		chrII	306131	306141	+	11.6264	3.77e-05	0.00584	TTTTTTTCATC
CUP2		chrII	495456	495466	+	11.1351	3.77e-05	0.0377	TAGAGAAAAAA
SFP1		chrII	292104	292115	+	11.7172	3.77e-05	0.0114	AAAGAATTTTCG
REB1		chrII	728741	728751	-	12.5968	3.79e-05	0.0188	ACCGGGTAAAA
SFL1		chrII	182253	182267	-	11.784	3.79e-05	0.035	ATAGAAGTACCATAT
ORC1		chrII	292116	292132	-	7.3	3.8e-05	0.00212	TAATTTTTTTTTTTTCT
FKH2		chrII	122205	122217	+	11.6627	3.8e-05	0.0274	AAATGTCAATAAA
ECM22		chrII	202430	202442	-	11.78	3.81e-05	0.273	ACGGAGCACCGGA
ORC1		chrII	69629	69645	-	7.28889	3.81e-05	0.00212	ATTTTCCTTTTTTTTTT
ORC1		chrII	380127	380143	-	7.28889	3.81e-05	0.00212	TTTTTTTTTAATTACGC
TBF1		chrII	311629	311637	-	12.012	3.81e-05	0.142	TAACCCTAC
SWI4		chrII	380079	380087	+	12.3239	3.81e-05	0.0371	ACACGAAAT
SWI4		chrII	683240	683248	+	12.3239	3.81e-05	0.0371	ACACGAAAT
RAP1		chrII	165257	165267	+	11.9014	3.81e-05	0.0249	AGCCCATACAC
PHD1		chrII	350972	350980	+	11.34	3.81e-05	0.124	GCTGCATCA
PDR3		chrII	147021	147030	+	9.45	3.81e-05	0.0894	TTTCCCCGGA
MATALPHA2		chrII	576252	576260	+	12.6667	3.81e-05	0.0661	ATTTACATA
HAL9		chrII	331635	331652	-	11.6142	3.81e-05	0.443	TCCGAACGATTTAGCCGA
EDS1		chrII	147005	147013	+	12.1711	3.81e-05	0.0342	CGGAAGAAT
CHA4		chrII	539838	539846	+	12.34	3.81e-05	0.147	ACCTCCGCC
AZF1		chrII	251057	251065	-	12.5789	3.81e-05	0.00654	AAACAGAAA
AZF1		chrII	547311	547319	+	12.5789	3.81e-05	0.00654	AAACAGAAA
FKH2		chrII	493021	493033	-	11.6386	3.84e-05	0.0274	AGTCATAAACAAT
REB1		chrII	124948	124958	-	12.5806	3.84e-05	0.0188	TTAGGGTAACC
HSF1		chrII	576181	576194	-	11.0526	3.85e-05	0.0459	GGAGTTTTAAGGAA
YOX1		chrII	426511	426529	-	11.5181	3.85e-05	0.0488	ACTAATTAACTTAGAACAT
RGT1		chrII	532368	532380	-	11.9121	3.86e-05	0.0418	TTACCCGGATTAT
STB3		chrII	341364	341374	-	11.5824	3.86e-05	0.00584	TATTTTTCAAC
THI2		chrII	419852	419866	-	5.71	3.86e-05	0.0661	GCAAATTAAAAGAGA
MCM1		chrII	792205	792220	-	11.6279	3.87e-05	0.102	CTTCCACATTAGGAGA
SFL1		chrII	761057	761071	+	11.752	3.89e-05	0.035	AGGGAAGAAAAACAA
FKH1		chrII	122205	122217	+	11.7143	3.91e-05	0.0237	AAATGTCAATAAA
SNT2		chrII	270057	270066	+	8.36667	3.91e-05	0.229	TGGTCGCGCC
RSC30		chrII	811580	811589	+	11.92	3.91e-05	0.332	CGCGCGCGTT
PHO2		chrII	767682	767691	+	11.1228	3.91e-05	0.0532	TTAAATAATT
ABF1		chrII	202440	202452	-	12.3133	3.91e-05	0.0148	ATCGCGTTGAACG
ORC1		chrII	452269	452285	-	7.2	3.93e-05	0.00216	CGTTTTTTTTTTCTTTT
FKH2		chrII	458538	458550	+	11.5783	3.93e-05	0.0274	AAATATAAATACA
YKL222C		chrII	512845	512855	+	12.0111	3.98e-05	0.0389	GGCGGAGTTAA
STB3		chrII	267482	267492	+	11.5055	3.98e-05	0.00584	TTTTTTTCAAA
STB3		chrII	718258	718268	+	11.5055	3.98e-05	0.00584	TTTTTTTCAAA
ORC1		chrII	172371	172387	+	7.15556	3.98e-05	0.00216	TTTTTTTTTGTCCTCTT
ORC1		chrII	736165	736181	-	7.15556	3.98e-05	0.00216	TTTTAGTATTTTTTTTC
SKN7		chrII	681195	681208	-	11.2778	3.99e-05	0.273	AAGTATCGGCCAAA
ORC1		chrII	311583	311599	+	7.14444	4e-05	0.00216	ATTATTCCCGTTTATTT
YRR1		chrII	87907	87916	-	11.9778	4.01e-05	0.0424	GCGGAAAAAA
YPR196W		chrII	307074	307083	+	11.608	4.01e-05	0.0251	ATTTACCCGG
YPR196W		chrII	589291	589300	+	11.608	4.01e-05	0.0251	ATTTACCCGG
YPR013C		chrII	742627	742637	-	12.3667	4.01e-05	0.141	AGTGCAGATCA
TYE7		chrII	727206	727215	+	11.7321	4.01e-05	0.268	GTCACGTGAA
RPH1		chrII	479148	479157	+	12.22	4.01e-05	0.155	ATATAGGGGG
NHP6A		chrII	47298	47307	+	11.5039	4.01e-05	0.0769	ATCTATATAA
STB3		chrII	581541	581551	-	11.4725	4.03e-05	0.00584	ATATTTCCACT
SFL1		chrII	124881	124895	-	11.704	4.04e-05	0.035	AAAGAATAACAATTA
SFL1		chrII	193708	193722	+	11.704	4.04e-05	0.035	ATTGAAGAAAAAAAA
HAP5		chrII	111306	111319	+	11.9556	4.08e-05	0.0683	GAACTCTTATTGGT
STB3		chrII	88327	88337	-	11.4176	4.08e-05	0.00584	AATTTTGCATT
STB3		chrII	653287	653297	+	11.4176	4.08e-05	0.00584	AATTTTGCATT
ORC1		chrII	474139	474155	+	7.07778	4.08e-05	0.00219	ATTTTTTATGTAATTGC
TYE7		chrII	59665	59674	-	11.7143	4.1e-05	0.268	ATCACATGAT
NHP6A		chrII	101742	101751	+	11.4724	4.1e-05	0.0769	CTTTATATAT
NHP6A		chrII	539860	539869	-	11.4724	4.1e-05	0.0769	CTTTATATAT
HAP3		chrII	477194	477208	-	11.4222	4.1e-05	0.0614	GCTGATTGGCGGTCT
HAP5		chrII	736142	736155	+	11.9333	4.13e-05	0.0683	CTTCGCTTATTGGT
ORC1		chrII	28435	28451	+	7.03333	4.14e-05	0.00219	TCTATTTTTTTTTTCTC
ORC1		chrII	466482	466498	-	7.02222	4.16e-05	0.00219	TTTTTTTTTCCCTTTTC
REB1		chrII	589291	589301	-	12.3548	4.17e-05	0.0196	TCCGGGTAAAT
MIG3		chrII	5607	5619	+	11.8313	4.18e-05	0.216	ATTACCCCGCCGA
ZMS1		chrII	331618	331626	-	11.9737	4.2e-05	0.169	TTCCCCTCT
YDR520C		chrII	647317	647325	-	12.1556	4.2e-05	0.0862	CGGAGAAAT
YDR026c		chrII	36553	36561	-	10.17	4.2e-05	0.0301	ATCACCCGG
YDR026c		chrII	80879	80887	-	10.17	4.2e-05	0.0301	ATCACCCGG
YDR026c		chrII	310475	310483	-	10.17	4.2e-05	0.0301	ATCACCCGG
PDR3		chrII	217278	217287	-	9.16	4.2e-05	0.0894	ATTCCGCGGA
INO4		chrII	401035	401045	+	11.0222	4.2e-05	0.0646	CCATGGGAAAT
INO2		chrII	401035	401045	+	11.0222	4.2e-05	0.0659	CCATGGGAAAT
EDS1		chrII	727183	727191	+	12.1316	4.2e-05	0.035	CGGAAAAAG
CIN5		chrII	792685	792694	+	12.0132	4.2e-05	0.0805	TTAGGTAATC
RGT1		chrII	452261	452273	+	11.7802	4.2e-05	0.0418	TTTTCCGGAAAAG
YOX1		chrII	535144	535162	-	11.3735	4.2e-05	0.0488	TTAAATTTCTTTTCCGTAA
ORC1		chrII	589549	589565	+	6.98889	4.2e-05	0.00219	TTTTTTCATTGATACTT
ORC1		chrII	544594	544610	-	6.97778	4.22e-05	0.00219	ATTTATCATGCCTATTT
STB3		chrII	297918	297928	+	11.3626	4.24e-05	0.00597	AAATTTTCAAG
STB1		chrII	380078	380089	-	12.0778	4.24e-05	0.0836	TAATTTCGTGTT
RGT1		chrII	768105	768117	+	11.7582	4.26e-05	0.0418	TTTCACGGATTAT
YRR1		chrII	549647	549656	-	11.9111	4.29e-05	0.0424	CCGGAAATTA
YRM1		chrII	342180	342189	+	11.4792	4.29e-05	0.0369	AGGGAAATAA
STB5		chrII	394471	394480	-	11.9398	4.29e-05	0.179	AATAGCACCG
RPN4		chrII	62831	62840	-	9.94737	4.29e-05	0.0771	GGCGGCTAAA
RPN4		chrII	771107	771116	+	9.94737	4.29e-05	0.0771	GGCGGCTAAA
ABF1		chrII	807270	807282	-	12.2048	4.29e-05	0.0155	ATCATAATGAACG
RGT1		chrII	628697	628709	-	11.7473	4.3e-05	0.0418	TTTTCTGGAAGAA
NHP6B		chrII	539854	539864	+	10.6743	4.32e-05	0.0418	ATTATAATATA
ABF1		chrII	87895	87907	-	12.1928	4.33e-05	0.0155	ATCGCGACGCACG
STB3		chrII	419817	419827	+	11.2967	4.36e-05	0.00603	AATCTTTCACT
STB1		chrII	611997	612008	+	12.0333	4.36e-05	0.0836	ACTTTTCGCGAC
RLM1		chrII	716623	716636	-	10.22	4.38e-05	0.0629	ATGAAAAAATGAAA
AFT1		chrII	28892	28901	+	11.7748	4.39e-05	0.204	TAGCGCACCC
SUM1		chrII	623327	623337	-	11.747	4.43e-05	0.089	GCGTCGGTAAA
GLN3		chrII	642723	642733	+	11.9518	4.43e-05	0.32	CTGATAAGGGG
SFP1		chrII	172408	172419	+	11.4414	4.46e-05	0.0131	GAAAAATTTAGC
SFP1		chrII	256024	256035	+	11.4414	4.46e-05	0.0131	AAAAGATTTTTG
ORC1		chrII	496959	496975	-	6.78889	4.48e-05	0.00231	TTTGTTTATTGATTTGT
TYE7		chrII	356109	356118	+	11.5268	4.48e-05	0.268	ATCAAGTGAT
TEC1		chrII	203269	203278	+	12.1928	4.48e-05	0.344	TACATTCCTC
SUM1		chrII	444803	444813	-	11.7229	4.48e-05	0.089	CTGACAGAAAT
SPT15		chrII	539861	539870	-	11.78	4.48e-05	0.0588	ACTTTATATA
ORC1		chrII	360458	360474	-	6.75556	4.53e-05	0.00231	TTTCATTTTTTTTAGGT
SFL1		chrII	266370	266384	-	11.552	4.54e-05	0.035	ATAGAAGCAGTTTTT
HAP3		chrII	736146	736160	+	11.1333	4.57e-05	0.0614	GCTTATTGGTGGTCA
YNR063W		chrII	645232	645239	-	11.9111	4.58e-05	0.268	AACTCCGA
YLL054C		chrII	331635	331652	+	11.7586	4.58e-05	0.532	TCGGCTAAATCGTTCGGA
YDR026c		chrII	122223	122231	+	9.78	4.58e-05	0.0301	GTTACCCGA
YDR026c		chrII	582290	582298	+	9.78	4.58e-05	0.0301	GTTACCCGA
YAP3		chrII	182247	182254	-	12.8947	4.58e-05	0.259	ATTACGTT
UGA3		chrII	23879	23886	-	12.2632	4.58e-05	0.329	CCGCGGGA
TOS8		chrII	809850	809857	+	11.7632	4.58e-05	0.5	GTGTCAAA
SWI4		chrII	132325	132333	-	12.0986	4.58e-05	0.0414	TCGCGAAAT
SPT15		chrII	623370	623379	-	11.77	4.58e-05	0.0588	GGTTTATATG
SKO1		chrII	92360	92367	+	11.9459	4.58e-05	0.139	ACATAATG
SKO1		chrII	376106	376113	+	11.9459	4.58e-05	0.139	ACATAATG
SKO1		chrII	612044	612051	+	11.9459	4.58e-05	0.139	ACATAATG
SKO1		chrII	727234	727241	+	11.9459	4.58e-05	0.139	ACATAATG
RDS2		chrII	406005	406014	-	11.89	4.58e-05	0.095	TGAACCCCGA
PHO2		chrII	158580	158589	-	10.9649	4.58e-05	0.0532	TTATTTTAAT
PHO2		chrII	691776	691785	-	10.9649	4.58e-05	0.0532	TTATTTTAAT
INO4		chrII	650154	650164	-	10.7	4.58e-05	0.0646	ACACGTGAAAT
INO2		chrII	650154	650164	-	10.7	4.58e-05	0.0659	ACACGTGAAAT
HMRA2		chrII	126398	126405	+	12.75	4.58e-05	0.0764	CGTGTAAT
HMRA2		chrII	761093	761100	-	12.75	4.58e-05	0.0764	CGTGTAAT
HMRA2		chrII	788776	788783	+	12.75	4.58e-05	0.0764	CGTGTAAT
HCM1		chrII	681186	681193	+	11.4737	4.58e-05	0.0219	ATCAACAA
HCM1		chrII	760762	760769	+	11.4737	4.58e-05	0.0219	ATCAACAA
GAT1		chrII	221668	221675	+	12.7108	4.58e-05	0.178	CCTTATCA
GAT1		chrII	642724	642731	-	12.7108	4.58e-05	0.178	CCTTATCA
GAT1		chrII	776410	776417	+	12.7108	4.58e-05	0.178	CCTTATCA
ORC1		chrII	664853	664869	-	6.72222	4.58e-05	0.00231	TATTTTCTTTTTTTTCT
ORC1		chrII	721262	721278	-	6.72222	4.58e-05	0.00231	CTTTTTTTTTTTTTCAC
MIG1		chrII	197527	197540	-	11.6	4.62e-05	0.0799	ATCCCCGCGTTATT
ORC1		chrII	483595	483611	+	6.68889	4.63e-05	0.00231	AAATTTTCAATTTTTTT
SFP1		chrII	449392	449403	+	11.4	4.63e-05	0.0133	GAAAAATTTCGC
RFX1		chrII	537593	537605	-	9.22222	4.64e-05	0.228	TCGCCAAAATAAC
ORC1		chrII	742698	742714	-	6.67778	4.65e-05	0.00231	TGTATTTCCTTTTTCTT
STB3		chrII	749444	749454	+	11.1758	4.65e-05	0.00621	AAATTTTCAAC
STB3		chrII	804987	804997	-	11.1758	4.65e-05	0.00621	AAATTTTCAAC
YPR196W		chrII	512837	512846	+	11.432	4.67e-05	0.026	TTTTCTCCGG
PHO2		chrII	535156	535165	-	10.9561	4.67e-05	0.0532	TTATTAAATT
PHO2		chrII	670379	670388	+	10.9561	4.67e-05	0.0532	TTATTAAATT
LYS14		chrII	251382	251391	-	11.6627	4.67e-05	0.0686	ACATTCCGTG
NDT80		chrII	771089	771101	+	11.2883	4.68e-05	0.0805	GGACGCAAAAATA
NHP6B		chrII	59631	59641	-	10.5886	4.7e-05	0.042	TATATATTTTT
YOX1		chrII	227169	227187	+	11.1807	4.7e-05	0.0488	AGTAATAAGAGTACGTAAA
LEU3		chrII	586381	586394	+	11.5	4.72e-05	0.23	CCGTTTCCGCAGGT
INO4		chrII	393303	393313	-	10.5778	4.72e-05	0.0646	ACCTATGAAAA
INO2		chrII	393303	393313	-	10.5778	4.72e-05	0.0659	ACCTATGAAAA
FKH1		chrII	336998	337010	-	11.3516	4.72e-05	0.0268	AACGACAAACAAA
RAP1		chrII	604285	604295	+	11.6479	4.74e-05	0.0288	AATCCGTACAT
YRR1		chrII	589491	589500	-	11.7889	4.77e-05	0.0424	ACGGAAATGA
SPT15		chrII	201881	201890	-	11.72	4.77e-05	0.0588	GATATAAATA
RSC3		chrII	804975	804984	+	11.6222	4.77e-05	0.201	ATTGCGCGCT
SFL1		chrII	191892	191906	+	11.48	4.8e-05	0.035	AAAGAAGGCTTAAAA
SMP1		chrII	311602	311614	-	11.0174	4.8e-05	0.0798	ACCCTAAATTGAA
THI2		chrII	202409	202423	+	5	4.8e-05	0.0679	GGAAATCCGGAGAAC
REB1		chrII	813062	813072	+	12.1129	4.82e-05	0.0202	GTAGGGTAATG
SWI6		chrII	683239	683248	+	12.0132	4.86e-05	0.0488	TACACGAAAT
ORC1		chrII	682002	682018	-	6.53333	4.87e-05	0.00241	TTTCTTTTTTCTTTCTT
RGT1		chrII	217277	217289	+	11.5385	4.88e-05	0.0426	TTCCGCGGAATAA
MIG2		chrII	5607	5619	+	11.5422	4.89e-05	0.2	ATTACCCCGCCGA
TEA1		chrII	311640	311658	+	8.58889	4.9e-05	0.0858	TTTTTGGGGTTTAAAACCC
GAL4		chrII	728261	728279	-	11.56	4.93e-05	0.315	CCGCCCAAGTACTCTCCGG
SIP4		chrII	618703	618715	-	7.95	4.96e-05	0.1	CGGGTAAAAGTAG
YDR520C		chrII	512863	512871	-	12.0556	4.96e-05	0.0862	CGGGGATAA
YDR026c		chrII	142999	143007	-	9.48	4.96e-05	0.0301	GGTACCCGG
YDR026c		chrII	728256	728264	+	9.48	4.96e-05	0.0301	GGTACCCGG
YBR239C		chrII	452263	452271	+	11.6264	4.96e-05	0.233	TTCCGGAAA
YBR239C		chrII	452262	452270	-	11.6264	4.96e-05	0.233	TTCCGGAAA
SPT15		chrII	406296	406305	+	11.66	4.96e-05	0.0588	GAAATATATG
SPT15		chrII	721205	721214	-	11.66	4.96e-05	0.0588	GAAATATATG
RPN4		chrII	168194	168203	+	9.64474	4.96e-05	0.0792	AGTGGCAATA
MGA1		chrII	727219	727227	+	11.8739	4.96e-05	0.139	ACAGAACAT
MATALPHA2		chrII	549643	549651	-	11.2613	4.96e-05	0.0661	AATTACACA
AZF1		chrII	103	111	-	11.5921	4.96e-05	0.00779	AAAAAGACA
AZF1		chrII	269690	269698	-	11.5921	4.96e-05	0.00779	AAAAAGATA
AZF1		chrII	301689	301697	-	11.5921	4.96e-05	0.00779	AAAAAGATA
AZF1		chrII	426996	427004	+	11.5921	4.96e-05	0.00779	AAAAAGACA
AZF1		chrII	786932	786940	-	11.5921	4.96e-05	0.00779	AAAAAGACA
ROX1		chrII	698143	698154	-	11.5444	4.98e-05	0.041	CCTATTGTGTAT
ORC1		chrII	380065	380081	-	6.46667	4.98e-05	0.00244	TGTTTCTTTTTTTACGT
ASG1		chrII	666572	666586	-	10.9821	4.99e-05	0.489	CGCGGCTGTTTCCGG
RGT1		chrII	324200	324212	-	11.5055	5.01e-05	0.0426	GGCTTCGGAAAAA
REB1		chrII	307074	307084	-	12.0161	5.01e-05	0.0202	GCCGGGTAAAT
TBS1		chrII	202425	202434	-	11.4945	5.05e-05	0.491	CCGGAGCCGT
USV1		chrII	539882	539892	-	10.7889	5.08e-05	0.225	TTACCCCTGTA
STB3		chrII	615179	615189	+	10.989	5.08e-05	0.00666	ATATTTTCAAC
PBF2		chrII	14034	14044	+	11.6813	5.08e-05	0.201	CATCGCATCGC
SIP4		chrII	633491	633503	+	7.88	5.14e-05	0.1	CGGGTTAAAAGAA
RDS2		chrII	788849	788858	-	11.75	5.15e-05	0.095	CAAATTCCGA
FKH2		chrII	59605	59617	-	11.0241	5.15e-05	0.028	AAAAGCAAACAGA
ROX1		chrII	236235	236246	-	11.4444	5.17e-05	0.041	TTCTTTGTTCTT
SFP1		chrII	92308	92319	+	11.2069	5.18e-05	0.0146	GAAAATATTTCA
NDT80		chrII	28455	28467	-	11.0901	5.21e-05	0.0805	GGACAAAAAAAGG
FKH1		chrII	63617	63629	+	11.1538	5.22e-05	0.0278	AAAGGTAAATGAA
ORC1		chrII	360464	360480	-	6.31111	5.24e-05	0.00255	TTTGTTTTTCATTTTTT
YRR1		chrII	378896	378905	+	11.5778	5.25e-05	0.0424	ACGGCAATAA
RSC30		chrII	202907	202916	+	11.48	5.25e-05	0.334	TGGGCGCGCG
REB1		chrII	497026	497036	+	11.9194	5.25e-05	0.0202	AGCGGGTAACT
SFP1		chrII	107560	107571	+	11.1931	5.25e-05	0.0146	AAGAATTTTTCG
FKH2		chrII	63617	63629	+	10.988	5.26e-05	0.028	AAAGGTAAATGAA
FKH2		chrII	426985	426997	+	10.988	5.26e-05	0.028	AAAAAAAAACAAA
FKH2		chrII	738470	738482	+	10.988	5.26e-05	0.028	AAAAAAAAACAAA
REB1		chrII	398418	398428	-	11.8871	5.29e-05	0.0202	ACCGGGTAAAG
INO4		chrII	62756	62766	+	10.3	5.29e-05	0.0646	CCCTGAGAAAA
INO2		chrII	62756	62766	+	10.3	5.29e-05	0.0659	CCCTGAGAAAA
SFP1		chrII	611986	611997	-	11.1724	5.31e-05	0.0146	TAAAAATTTTAA
REB1		chrII	273880	273890	+	11.8548	5.32e-05	0.0202	AGAGGGTAATA
REB1		chrII	527026	527036	+	11.8548	5.32e-05	0.0202	AGAGGGTAATA
ROX1		chrII	426553	426564	-	11.3556	5.33e-05	0.041	TCCTTTGTTTAT
SWI4		chrII	419365	419373	+	11.7887	5.34e-05	0.0451	CCGCGAAAT
RTG3		chrII	776382	776390	+	11.4595	5.34e-05	0.136	TGCACGTGC
RTG3		chrII	776383	776391	-	11.4595	5.34e-05	0.136	TGCACGTGC
RSC3		chrII	623343	623352	+	11.4889	5.34e-05	0.201	TACGCGCGCT
MGA1		chrII	561177	561185	-	11.8288	5.34e-05	0.139	ATGGAACAC
MGA1		chrII	681117	681125	+	11.8288	5.34e-05	0.139	ATGGAACAC
HAP4		chrII	164298	164306	-	11.8111	5.34e-05	0.0833	TGATTGGTG
EDS1		chrII	247498	247506	-	11.9737	5.34e-05	0.0415	CGGAAAATT
CHA4		chrII	628690	628698	-	11.71	5.34e-05	0.157	AACTCCGCA
ORC1		chrII	476741	476757	-	6.21111	5.41e-05	0.00257	CATGTTTTACTTTTCTC
RGT1		chrII	452324	452336	+	11.3846	5.42e-05	0.0433	GTCACCGGAACAA
ABF1		chrII	356715	356727	+	11.9036	5.42e-05	0.0188	GTCATCTCGCACG
YRR1		chrII	650181	650190	+	11.5111	5.44e-05	0.0424	ACGGAAAAAA
CIN5		chrII	792683	792692	-	11.7368	5.44e-05	0.0869	TTACCTAACC
ORC1		chrII	786924	786940	+	6.18889	5.45e-05	0.00257	TTTTCTAATGTCTTTTT
SFP1		chrII	647336	647347	+	11.1379	5.46e-05	0.0147	TAAAATATTTTC
ROX1		chrII	362685	362696	+	11.2889	5.46e-05	0.041	ACTATTGTCATT
ORC1		chrII	251053	251069	+	6.17778	5.47e-05	0.00257	AGATTTTCTGTTTTTTC
ORC1		chrII	664811	664827	+	6.17778	5.47e-05	0.00257	AGTATCTTTATTTTCTT
SFL1		chrII	216465	216479	-	11.304	5.48e-05	0.035	ACAGAACGAATATTT
ORC1		chrII	549624	549640	-	6.15556	5.51e-05	0.00257	TTCTTTTTTTCTTTCTT
ORC1		chrII	738464	738480	-	6.15556	5.51e-05	0.00257	TGTTTTTTTTTTGTCGT
YPR015C		chrII	592953	592964	-	10.08	5.51e-05	0.154	GGCGAAAATCCT
AFT1		chrII	426568	426577	-	11.2703	5.53e-05	0.204	CTGTGCACCC
GLN3		chrII	478969	478979	-	11.6627	5.58e-05	0.32	TTGATAACACC
SMP1		chrII	124938	124950	-	10.8372	5.6e-05	0.0798	ACCTTCAATGATG
ROX1		chrII	800375	800386	+	11.2222	5.6e-05	0.041	TTTATTGTCCGT
SIP4		chrII	203252	203264	-	7.62	5.62e-05	0.1	CGGGTTACAGGAA
SMP1		chrII	391715	391727	-	10.8314	5.62e-05	0.0798	GTCTATAAATAAA
STB3		chrII	378910	378920	-	10.7912	5.63e-05	0.00712	ATTTTTGCACG
PDR1		chrII	582638	582647	-	11.3667	5.63e-05	0.16	TTTCCACAGA
NHP6A		chrII	489371	489380	-	11.1496	5.63e-05	0.0871	CAATATTTAA
CAD1		chrII	707265	707274	-	10.1	5.63e-05	0.0981	ATTACTAATT
ORC1		chrII	69631	69647	-	6.07778	5.64e-05	0.00262	TGATTTTCCTTTTTTTT
USV1		chrII	340849	340859	+	10.5222	5.65e-05	0.225	CTTCCCCTTAA
REB1		chrII	582289	582299	-	11.7097	5.65e-05	0.0203	CTCGGGTAACC
YAP6		chrII	533555	533569	-	11.076	5.66e-05	0.261	ATTTGATTATTTCAT
NHP6B		chrII	101740	101750	-	10.4171	5.67e-05	0.0447	TATATAAAGAA
STB3		chrII	526993	527003	-	10.7582	5.7e-05	0.00712	AGTTTTTCATA
YPR196W		chrII	742677	742686	+	11.264	5.72e-05	0.0283	GTTTTTCCGG
YML081W		chrII	604266	604274	+	11.9639	5.72e-05	0.195	TTCCCCGCT
YER130C		chrII	698148	698156	+	11.8	5.72e-05	0.0826	CAATAGGGG
TBF1		chrII	124950	124958	+	11.5181	5.72e-05	0.142	TTACCCTAA
TBF1		chrII	620686	620694	+	11.5181	5.72e-05	0.142	TTACCCTAA
STP2		chrII	679312	679320	+	11.62	5.72e-05	0.349	AGTGCCGTA
RGT1		chrII	650177	650189	+	11.2967	5.72e-05	0.0433	GCTGACGGAAAAA
MATALPHA2		chrII	807289	807297	-	10.8559	5.72e-05	0.0661	ATATACACG
HAP4		chrII	477198	477206	-	11.8	5.72e-05	0.0833	TGATTGGCG
ORC1		chrII	581556	581572	+	6.02222	5.74e-05	0.00264	AATTTTTTTTTTTTTCA
SMP1		chrII	615217	615229	+	10.8081	5.77e-05	0.0798	ATCTTTAATAGTA
STB3		chrII	96209	96219	+	10.7363	5.79e-05	0.00712	TATTTTTCAGC
STB3		chrII	809806	809816	+	10.7363	5.79e-05	0.00712	TTTTTTTCAGG
INO4		chrII	371731	371741	-	10.0889	5.79e-05	0.0646	CCTTGAGAAAA
INO2		chrII	371731	371741	-	10.0889	5.79e-05	0.0659	CCTTGAGAAAA
SPT15		chrII	535096	535105	-	11.51	5.82e-05	0.0588	GTTTTAAATA
REB1		chrII	662714	662724	+	11.629	5.84e-05	0.0203	GTCGGGTAAGG
NHP6B		chrII	544662	544672	-	10.3943	5.84e-05	0.0447	TATTTATAATA
SFL1		chrII	792214	792228	+	11.216	5.85e-05	0.035	GTGGAAGAAATTATG
SUM1		chrII	612023	612033	+	11.0241	5.87e-05	0.102	ACGACGCTAAA
ORC1		chrII	410899	410915	+	5.94444	5.88e-05	0.00269	ATTTTTTTTCTTTTTCC
YRM1		chrII	84390	84399	+	11.1389	5.91e-05	0.0369	GCGGAAACAA
YRM1		chrII	217240	217249	-	11.1389	5.91e-05	0.0369	GCGGAAACAA
MIG2		chrII	338538	338550	+	11.1807	5.92e-05	0.2	GCTGCCCCGCCAC
LEU3		chrII	143000	143013	+	11.1778	5.92e-05	0.23	CGGGTACCGCAGAT
SFL1		chrII	466476	466490	+	11.2	5.93e-05	0.035	AAAGAAGAAAAGGGA
SIP4		chrII	691830	691842	+	7.48	5.93e-05	0.1	CGGATTAGATGAA
YAP1		chrII	164374	164385	+	11.4324	5.95e-05	0.124	TTGTTACGTATG
REB1		chrII	668757	668767	-	11.5806	5.96e-05	0.0203	CGCGGGTAATC
RFX1		chrII	489404	489416	+	8.53333	5.97e-05	0.228	TTGGCACTGCAAC
HAP5		chrII	800370	800383	+	11.3111	5.99e-05	0.0752	CGGATTTTATTGTC
YOX1		chrII	292154	292172	-	10.759	6e-05	0.0512	GTTACTTAATTCTCCGTAT
ORC1		chrII	776425	776441	-	5.87778	6e-05	0.00273	TTTTTTTCTACCTTTTT
SFL1		chrII	338576	338590	+	11.176	6.03e-05	0.035	AGAGAAGGACAAACT
SKN7		chrII	461969	461982	-	10.8542	6.04e-05	0.273	CAAGTACGGCCGTT
FKH1		chrII	391711	391723	-	10.8571	6.06e-05	0.0302	ATAAATAAACACA
THI2		chrII	504521	504535	-	4.18	6.1e-05	0.0679	GGAACCCGAAACAGC
YNR063W		chrII	406025	406032	-	11.5	6.1e-05	0.268	ATCTCCGC
YLR278C		chrII	634980	634987	+	11.6184	6.1e-05	0.416	CCGGAGAT
YER130C		chrII	490665	490673	-	11.7889	6.1e-05	0.0826	TGATAGGGG
YAP3		chrII	172350	172357	+	12.5132	6.1e-05	0.259	CTTACGTA
XBP1		chrII	251068	251074	+	11.4176	6.1e-05	0.443	TCTCGAG
XBP1		chrII	483581	483587	-	11.4176	6.1e-05	0.443	TCTCGAG
UGA3		chrII	306096	306103	-	12.1711	6.1e-05	0.329	TGGCGGGA
SWI5		chrII	146029	146035	+	12.0921	6.1e-05	0.464	TGCTGGT
SWI5		chrII	582590	582596	+	12.0921	6.1e-05	0.464	TGCTGGT
STP3		chrII	770774	770781	+	11.8947	6.1e-05	0.224	GTTAGCGC
STE12		chrII	326161	326167	+	13.3226	6.1e-05	0.143	TGTTTCA
STE12		chrII	429431	429437	-	13.3226	6.1e-05	0.143	TGTTTCA
STE12		chrII	504487	504493	+	13.3226	6.1e-05	0.143	TGTTTCA
STE12		chrII	807228	807234	+	13.3226	6.1e-05	0.143	TGTTTCA
SKO1		chrII	391787	391794	+	11.2523	6.1e-05	0.148	ACATATTG
RTG3		chrII	269731	269739	+	11.4234	6.1e-05	0.136	AGCACGTGA
RIM101		chrII	202403	202409	+	12.7763	6.1e-05	0.261	CGCCAAG
RIM101		chrII	340892	340898	-	12.7763	6.1e-05	0.261	CGCCAAG
RIM101		chrII	351036	351042	-	12.7763	6.1e-05	0.261	CGCCAAG
REI1		chrII	381373	381379	-	12.9211	6.1e-05	0.197	CCCCTGA
REI1		chrII	490626	490632	+	12.9211	6.1e-05	0.197	CCCCTGA
REI1		chrII	515575	515581	-	12.9211	6.1e-05	0.197	CCCCTGA
REI1		chrII	561157	561163	-	12.9211	6.1e-05	0.197	CCCCTGA
REI1		chrII	628663	628669	+	12.9211	6.1e-05	0.197	CCCCTGA
PHD1		chrII	350971	350979	-	10.95	6.1e-05	0.124	GATGCAGCA
PDR8		chrII	276688	276694	-	13.3289	6.1e-05	0.181	CGGAGAT
PDR8		chrII	406026	406032	+	13.3289	6.1e-05	0.181	CGGAGAT
PDR8		chrII	589326	589332	-	13.3289	6.1e-05	0.181	CGGAGAT
PDR8		chrII	634981	634987	+	13.3289	6.1e-05	0.181	CGGAGAT
PDR3		chrII	805045	805054	+	8.72	6.1e-05	0.107	TTTTCGCGGA
OAF1		chrII	512837	512846	+	11.25	6.1e-05	0.24	TTTTCTCCGG
MSN4		chrII	193650	193656	+	12.3735	6.1e-05	0.103	TAAGGGG
MSN4		chrII	339500	339506	-	12.3735	6.1e-05	0.103	TAAGGGG
MSN4		chrII	340852	340858	-	12.3735	6.1e-05	0.103	TAAGGGG
MSN4		chrII	576215	576221	+	12.3735	6.1e-05	0.103	TAAGGGG
MSN4		chrII	618718	618724	+	12.3735	6.1e-05	0.103	TAAGGGG
MSN4		chrII	642727	642733	+	12.3735	6.1e-05	0.103	TAAGGGG
MSN4		chrII	651211	651217	+	12.3735	6.1e-05	0.103	TAAGGGG
MSN2		chrII	193650	193656	+	12.1446	6.1e-05	0.131	TAAGGGG
MSN2		chrII	339500	339506	-	12.1446	6.1e-05	0.131	TAAGGGG
MSN2		chrII	340852	340858	-	12.1446	6.1e-05	0.131	TAAGGGG
MSN2		chrII	576215	576221	+	12.1446	6.1e-05	0.131	TAAGGGG
MSN2		chrII	618718	618724	+	12.1446	6.1e-05	0.131	TAAGGGG
MSN2		chrII	642727	642733	+	12.1446	6.1e-05	0.131	TAAGGGG
MSN2		chrII	651211	651217	+	12.1446	6.1e-05	0.131	TAAGGGG
MATALPHA2		chrII	604294	604302	+	10.6847	6.1e-05	0.0661	ATTTACACA
MAC1		chrII	256032	256039	+	11.57	6.1e-05	0.498	TTTGCTCT
HMRA2		chrII	326825	326832	+	12.6184	6.1e-05	0.0764	CGTGTAAA
HMRA2		chrII	668783	668790	+	12.6184	6.1e-05	0.0764	CGTGTAAA
HMRA2		chrII	770734	770741	+	12.6184	6.1e-05	0.0764	CGTGTAAA
HCM1		chrII	75109	75116	+	11.3553	6.1e-05	0.0219	AAAAACAA
HCM1		chrII	113569	113576	+	11.3553	6.1e-05	0.0219	AAAAACAA
HCM1		chrII	159983	159990	-	11.3553	6.1e-05	0.0219	AAAAACAA
HCM1		chrII	251043	251050	-	11.3553	6.1e-05	0.0219	AAAAACAA
HCM1		chrII	258058	258065	+	11.3553	6.1e-05	0.0219	AAAAACAA
HCM1		chrII	360472	360479	+	11.3553	6.1e-05	0.0219	AAAAACAA
HCM1		chrII	391736	391743	-	11.3553	6.1e-05	0.0219	AAAAACAA
HCM1		chrII	426989	426996	+	11.3553	6.1e-05	0.0219	AAAAACAA
HCM1		chrII	738453	738460	+	11.3553	6.1e-05	0.0219	AAAAACAA
HCM1		chrII	738474	738481	+	11.3553	6.1e-05	0.0219	AAAAACAA
HCM1		chrII	761064	761071	+	11.3553	6.1e-05	0.0219	AAAAACAA
HAP4		chrII	504541	504549	+	11.1111	6.1e-05	0.0833	TGATTGTTT
HAC1		chrII	59600	59606	-	12.5921	6.1e-05	0.412	GACACGT
HAC1		chrII	662725	662731	+	12.5921	6.1e-05	0.412	GACACGT
CHA4		chrII	742660	742668	-	11.53	6.1e-05	0.157	TTTTCCGCC
CEP3		chrII	3966	3972	-	12.1982	6.1e-05	0.299	CTCGGAA
CEP3		chrII	28411	28417	-	12.1982	6.1e-05	0.299	CTCGGAA
CEP3		chrII	247502	247508	-	12.1982	6.1e-05	0.299	CTCGGAA
CEP3		chrII	586347	586353	+	12.1982	6.1e-05	0.299	CTCGGAA
CEP3		chrII	666557	666563	+	12.1982	6.1e-05	0.299	CTCGGAA
CBF1		chrII	269733	269739	-	13.1205	6.1e-05	0.111	TCACGTG
CBF1		chrII	315365	315371	-	13.1205	6.1e-05	0.111	TCACGTG
CBF1		chrII	650157	650163	+	13.1205	6.1e-05	0.111	TCACGTG
CBF1		chrII	668780	668786	+	13.1205	6.1e-05	0.111	TCACGTG
CBF1		chrII	727207	727213	+	13.1205	6.1e-05	0.111	TCACGTG
CBF1		chrII	727208	727214	-	13.1205	6.1e-05	0.111	TCACGTG
ARO80		chrII	331634	331641	+	11.42	6.1e-05	0.757	CTCGGCTA
ADR1		chrII	681141	681148	+	12.0222	6.1e-05	0.416	ACCCCACC
ACE2		chrII	307085	307091	+	12.2889	6.1e-05	0.29	GCTGGTT
ACE2		chrII	444787	444793	+	12.2889	6.1e-05	0.29	GCTGGTT
ACE2		chrII	583609	583615	-	12.2889	6.1e-05	0.29	GCTGGTT
ORC1		chrII	625139	625155	+	5.82222	6.11e-05	0.00275	TTTGTTTATACTTCGTA
HSF1		chrII	576225	576238	-	9.89474	6.11e-05	0.0536	AGACGTTTCTAGAA
ORC1		chrII	96284	96300	-	5.81111	6.13e-05	0.00275	AACTTTTTTTTTTTCTC
ASG1		chrII	452328	452342	-	10.6161	6.14e-05	0.489	TCCGATTTGTTCCGG
RGT1		chrII	805034	805046	+	11.1868	6.15e-05	0.0441	TTATCCGGAAGTT
YPR015C		chrII	273901	273912	-	9.81	6.16e-05	0.154	GATGGAAATCCT
YOX1		chrII	792219	792237	+	10.7108	6.17e-05	0.0512	AGAAATTATGTTTTGTTAT
ORC1		chrII	75101	75117	-	5.78889	6.17e-05	0.00275	ATTGTTTTTTTTTTTAC
REB1		chrII	340866	340876	+	11.4516	6.18e-05	0.0203	ACCGGGTAAAC
NHP6B		chrII	544664	544674	-	10.3429	6.18e-05	0.0447	AATATTTATAA
TBS1		chrII	786952	786961	+	11.2308	6.2e-05	0.491	ACGGAACCGT
SFP1		chrII	256025	256036	+	10.931	6.2e-05	0.0163	AAAGATTTTTGC
REB1		chrII	306158	306168	-	11.4194	6.2e-05	0.0203	ATAGGGTAATA
RDS2		chrII	217270	217279	-	11.52	6.2e-05	0.095	GAAAGTCCGA
ABF1		chrII	392535	392547	+	11.7108	6.25e-05	0.0209	ATCATCCTTCACG
STB3		chrII	347577	347587	-	10.5934	6.25e-05	0.00756	TTATTTTCAAT
YAP1		chrII	306150	306161	+	11.3153	6.26e-05	0.124	TTCTGACATATT
FKH2		chrII	537630	537642	+	10.6145	6.27e-05	0.031	AAAAATACACAAA
HAP3		chrII	122249	122263	-	10.1889	6.28e-05	0.0719	CATCATTGGCGGTAT
PDR3		chrII	251378	251387	+	8.71	6.29e-05	0.107	TGTCCACGGA
NHP6A		chrII	59633	59642	-	11.0315	6.29e-05	0.0871	CTATATATTT
HSF1		chrII	351034	351047	-	9.81579	6.3e-05	0.0536	AGAAACGCCAAGAA
SFP1		chrII	483590	483601	-	10.8966	6.34e-05	0.0163	AAAATTTTTACT
SFP1		chrII	611988	611999	+	10.8966	6.34e-05	0.0163	AAAATTTTTACT
ABF1		chrII	647324	647336	-	11.6867	6.36e-05	0.0209	ATCGTGTTGTACG
ROX1		chrII	738421	738432	+	10.8333	6.36e-05	0.0424	ATCATTGTTCCT
HAP5		chrII	680183	680196	+	11.2	6.39e-05	0.0752	GCGGCGTCATTGGC
YRM1		chrII	407390	407399	-	11.0347	6.39e-05	0.0369	GCGGAAAAAC
TYE7		chrII	151336	151345	-	11.0893	6.39e-05	0.305	GTAACGTGAT
STB1		chrII	380095	380106	+	11.4	6.39e-05	0.0859	AACTTTCGCGTA
SPT15		chrII	59632	59641	+	11.41	6.39e-05	0.0588	AAAATATATA
FKH1		chrII	458538	458550	+	10.7473	6.39e-05	0.0302	AAATATAAATACA
HAP1		chrII	269741	269752	-	11.0921	6.4e-05	0.341	CCGTTATTACCG
GZF3		chrII	61003	61015	-	10.72	6.42e-05	0.288	ATCGCTTATCCGG
YRM1		chrII	727182	727191	+	11.0069	6.48e-05	0.0369	ACGGAAAAAG
YER130C		chrII	625124	625132	-	11.6111	6.48e-05	0.0826	GAAAAGGGG
YDR026c		chrII	236215	236223	-	8.33	6.48e-05	0.0355	TTTACCAGA
YDR026c		chrII	435800	435808	+	8.33	6.48e-05	0.0355	TTTACCAGA
SWI4		chrII	87885	87893	-	11.4225	6.48e-05	0.0483	ACACGAATA
SWI4		chrII	761096	761104	+	11.4225	6.48e-05	0.0483	ACACGAATA
SOK2		chrII	227143	227151	-	10.8042	6.48e-05	0.311	AACTGCAGG
RSC3		chrII	101781	101790	+	11.3333	6.48e-05	0.201	AGTGCGCGCC
PHO2		chrII	326201	326210	-	10.6404	6.48e-05	0.0532	TTAAAAAAAT
PHO2		chrII	369888	369897	+	10.6404	6.48e-05	0.0532	TTAAAAAAAT
PHO2		chrII	371792	371801	-	10.6404	6.48e-05	0.0532	TTAAAAAAAT
MIG2		chrII	301649	301661	+	11.012	6.48e-05	0.2	GCTCCCCCACGCT
MGA1		chrII	736104	736112	+	11.7658	6.48e-05	0.139	ATAGAATAT
MBP1		chrII	153824	153832	+	11.1978	6.48e-05	0.229	TTACGCGTC
GSM1		chrII	805037	805046	-	11.2967	6.48e-05	0.587	AACTTCCGGA
SFP1		chrII	549189	549200	+	10.8552	6.49e-05	0.0165	AAAATTTTTCCT
YGR067C		chrII	132277	132289	-	11.4222	6.5e-05	0.145	GAGGGGGATTAGA
HAP5		chrII	662662	662675	-	11.1667	6.5e-05	0.0752	CTTCTGTGATTGGC
FKH2		chrII	246734	246746	+	10.5422	6.51e-05	0.031	AATAGTAAATACT
SIP4		chrII	786933	786945	-	7.05	6.57e-05	0.1	CGGACAAAAAGAC
STB5		chrII	435867	435876	+	11.3855	6.58e-05	0.206	AATAACGCCG
RDS2		chrII	340857	340866	+	11.4	6.58e-05	0.095	TAAAGCCCGA
INO4		chrII	650190	650200	+	9.81111	6.58e-05	0.0667	AAATGTGAAAA
INO2		chrII	650190	650200	+	9.81111	6.58e-05	0.0681	AAATGTGAAAA
GAL4		chrII	666558	666576	+	10.86	6.62e-05	0.315	TCGGAAAACAGACCCCGGA
STB1		chrII	537595	537606	+	11.3111	6.62e-05	0.0859	TATTTTGGCGAT
RLM1		chrII	605963	605976	+	8.94	6.65e-05	0.0697	GGATGAGTTTGAAT
YAP1		chrII	181446	181457	+	11.1982	6.65e-05	0.124	GTCTGACTTATT
YAP6		chrII	369896	369910	-	10.8538	6.66e-05	0.261	GTTCTCTTTCGTAAT
ORC1		chrII	28438	28454	+	5.54444	6.67e-05	0.00295	ATTTTTTTTTTCTCGTC
STB3		chrII	602376	602386	+	10.4615	6.68e-05	0.00786	TTTTTTTCGCT
SPT15		chrII	101741	101750	+	11.33	6.68e-05	0.0588	TCTTTATATA
SPT15		chrII	539857	539866	+	11.33	6.68e-05	0.0588	ATAATATATA
NHP6A		chrII	47246	47255	+	10.9685	6.68e-05	0.0871	TCTTATATAA
HAP3		chrII	742640	742654	+	9.98889	6.68e-05	0.0719	CCCCATTGGCCCCTT
STB3		chrII	628708	628718	-	10.4505	6.7e-05	0.00786	ATCTTTTCATT
RPN4		chrII	634922	634931	-	8.34211	6.77e-05	0.0947	GGTGGCTACT
PHO2		chrII	426521	426530	+	10.6053	6.77e-05	0.0532	TTAATTAGTT
PHO2		chrII	691842	691851	-	10.6053	6.77e-05	0.0532	TTAATTAGTT
ORC1		chrII	504537	504553	+	5.48889	6.79e-05	0.00299	TTTGTGATTGTTTATTT
RLM1		chrII	595702	595715	+	8.88	6.79e-05	0.0697	AGGAAAGATTCAAA
ABF1		chrII	668712	668724	-	11.5904	6.8e-05	0.0214	GTCATACCATACG
ORC1		chrII	83	99	+	5.46667	6.83e-05	0.00299	TATGTTTACTTTTTATA
HAP1		chrII	147027	147038	-	10.9342	6.84e-05	0.341	GCGCTCACTCCG
NHP6B		chrII	122232	122242	-	10.2343	6.84e-05	0.0447	TATATAGAAAG
SFL1		chrII	549191	549205	-	11.008	6.86e-05	0.0368	GCGGAAGGAAAAATT
GAL4		chrII	406005	406023	-	10.77	6.87e-05	0.315	ACGGGGAATTGAACCCCGA
YER130C		chrII	216521	216529	-	11.5111	6.87e-05	0.0826	TAAAAGGGG
YDR026c		chrII	40	48	+	8.11	6.87e-05	0.0358	CTTACCCGG
RTG3		chrII	668779	668787	+	11.2162	6.87e-05	0.136	GTCACGTGT
RDR1		chrII	453506	453514	-	11.66	6.87e-05	0.146	AGCGGAAAG
PHD1		chrII	776386	776394	+	10.89	6.87e-05	0.124	CGTGCATCA
MATALPHA2		chrII	339480	339488	-	10.2793	6.87e-05	0.0661	AAATACATA
MATALPHA2		chrII	341370	341378	+	10.2793	6.87e-05	0.0661	AAATACATA
EDS1		chrII	452329	452337	+	11.5789	6.87e-05	0.0445	CGGAACAAA
CUP2		chrII	256349	256359	+	9.03604	6.87e-05	0.0618	CAGCAAGAAAG
AFT1		chrII	477245	477254	+	10.964	6.87e-05	0.204	TTATACACCC
LEU3		chrII	117005	117018	-	10.9556	6.88e-05	0.23	CCTTTTCCGGCCTT
RFX1		chrII	182233	182245	+	8.11111	6.92e-05	0.228	TTGTCGTGGCATC
YPR013C		chrII	691815	691825	-	11.4778	6.96e-05	0.159	ATGGTAAATCA
SPT15		chrII	504473	504482	-	11.29	6.96e-05	0.0588	GCTTTATACA
NHP6A		chrII	331671	331680	+	10.9291	6.96e-05	0.0871	TACTATATTA
ABF1		chrII	651184	651196	-	11.5542	6.96e-05	0.0214	GTCGCTCAAGACG
RGT1		chrII	628698	628710	+	10.956	7.01e-05	0.0477	TCTTCCAGAAAAT
YAP7		chrII	505594	505604	-	10.8421	7.01e-05	0.0983	ATTAATCATCT
SFP1		chrII	398361	398372	-	10.7517	7.02e-05	0.0169	AAAATTTTTCTT
SFP1		chrII	549185	549196	-	10.7517	7.02e-05	0.0169	AAAATTTTTCTT
SFP1		chrII	774581	774592	+	10.7517	7.02e-05	0.0169	AAAATTTTTCTT
ABF1		chrII	136202	136214	+	11.5422	7.03e-05	0.0214	ATCACGGGCGACG
TEA1		chrII	452285	452303	-	7.66667	7.04e-05	0.0858	CAGGCGGGTTTTAATTTTC
SFP1		chrII	410869	410880	-	10.7379	7.05e-05	0.0169	AAAAAATTTCAG
YRM1		chrII	181453	181462	-	10.8681	7.06e-05	0.0369	AAGGAAATAA
YRM1		chrII	311594	311603	-	10.8681	7.06e-05	0.0369	AAGGAAATAA
YPR196W		chrII	301666	301675	+	11.064	7.06e-05	0.0283	ATTACCCCGG
SWI6		chrII	378880	378889	+	11.3553	7.06e-05	0.0599	GACACCAAAT
STB3		chrII	92311	92321	+	10.3736	7.06e-05	0.00803	AATATTTCAAG
STB3		chrII	246726	246736	+	10.3736	7.06e-05	0.00803	ATTTTATCAAT
RSC3		chrII	246784	246793	+	11.3	7.06e-05	0.201	AATGCGCGCG
ORC1		chrII	292113	292129	-	5.34444	7.1e-05	0.00309	TTTTTTTTTTTTCTCGA
NDT80		chrII	75037	75049	-	10.5045	7.14e-05	0.0805	TGTCACAAAGAAC
RLM1		chrII	738478	738491	+	8.73	7.15e-05	0.0697	ACAAAAAAATGAAA
ORC1		chrII	107564	107580	+	5.32222	7.15e-05	0.00309	ATTTTTCGTTCTTTTTT
RSC3		chrII	623345	623354	-	11.2556	7.15e-05	0.201	ACAGCGCGCG
PHO2		chrII	533554	533563	-	10.5965	7.15e-05	0.0532	TTATTTCATT
PBF2		chrII	341291	341301	-	11.0769	7.15e-05	0.201	ATCGTCATCGA
FKH1		chrII	537630	537642	+	10.5165	7.16e-05	0.0321	AAAAATACACAAA
YRR1		chrII	539836	539845	-	11.0778	7.25e-05	0.0504	GCGGAGGTAA
YRM1		chrII	535146	535155	+	10.8333	7.25e-05	0.0369	ACGGAAAAGA
YPR196W		chrII	623325	623334	+	11.048	7.25e-05	0.0283	AATTTACCGA
YBR239C		chrII	586346	586354	+	10.9231	7.25e-05	0.233	TCTCGGAAC
SWI6		chrII	256050	256059	-	11.2632	7.25e-05	0.0599	AATGCGAAAA
SWI6		chrII	393334	393343	+	11.2632	7.25e-05	0.0599	AATGCGAAAA
STP2		chrII	426970	426978	-	11.35	7.25e-05	0.354	GGCGCGGCA
RPN4		chrII	582275	582284	-	8.17105	7.25e-05	0.0947	AGTGGCAATT
MBP1		chrII	633504	633512	+	11	7.25e-05	0.229	TGGCGCGTC
EDS1		chrII	324186	324194	+	11.5526	7.25e-05	0.0445	TGGAAAAAC
AZF1		chrII	143031	143039	+	11.4868	7.25e-05	0.0105	TAAAGGAAA
AZF1		chrII	306119	306127	-	11.4868	7.25e-05	0.0105	AAAAGGAAT
AZF1		chrII	307391	307399	+	11.4868	7.25e-05	0.0105	AAAAGGAAG
AZF1		chrII	419396	419404	+	11.4868	7.25e-05	0.0105	AAAAGGAAT
AZF1		chrII	652858	652866	+	11.4868	7.25e-05	0.0105	AAAAGGAAT
ORC1		chrII	452268	452284	-	5.27778	7.25e-05	0.00311	GTTTTTTTTTTCTTTTC
RLM1		chrII	431900	431913	+	8.67	7.28e-05	0.0697	GGTAAAAATAAAAA
THI2		chrII	251075	251089	-	3.58	7.29e-05	0.0679	GGAACTTGTAGGAGC
YPR196W		chrII	292156	292165	-	11.04	7.34e-05	0.0283	AATTCTCCGT
RSC30		chrII	686713	686722	-	11.088	7.34e-05	0.374	CGCCCGCGCC
RDS2		chrII	306114	306123	-	11.27	7.34e-05	0.095	GGAATTCCGA
PHO2		chrII	586327	586336	-	10.5789	7.34e-05	0.0532	TTTTTTAAAT
SFL1		chrII	782490	782504	+	10.92	7.34e-05	0.0368	TTAGAAGAATAGTAC
YAP7		chrII	707266	707276	+	10.7632	7.39e-05	0.0983	ATTAGTAATTC
ORC1		chrII	378837	378853	+	5.21111	7.4e-05	0.00314	TTTTTTGTATTTTTGGC
NDT80		chrII	786932	786944	-	10.4324	7.43e-05	0.0805	GGACAAAAAGACA
ORC1		chrII	306130	306146	+	5.2	7.43e-05	0.00314	TTTTTTTTCATCTCGGT
PBF1		chrII	360512	360521	+	10.9231	7.44e-05	0.126	AGCTCATCAG
TEA1		chrII	62808	62826	+	7.52222	7.45e-05	0.0858	TTACCCGGAAATAAATATC
ORC1		chrII	681995	682011	-	5.17778	7.48e-05	0.00314	TTTCTTTCTTTTTTTTT
ORC1		chrII	535075	535091	-	5.16667	7.5e-05	0.00314	ATTTTATACGTAAAGTT
YPR013C		chrII	555895	555905	-	11.3778	7.51e-05	0.159	AATGAAAATCC
FKH2		chrII	307064	307076	-	10.2048	7.52e-05	0.0341	AATTGTAAATACT
TEC1		chrII	146023	146032	-	11.4458	7.53e-05	0.386	AGCATTCTTT
YAP1		chrII	369894	369905	+	11	7.55e-05	0.124	AAATTACGAAAG
STB3		chrII	360468	360478	-	10.2527	7.56e-05	0.00848	TGTTTTTCATT
NDT80		chrII	612005	612017	+	10.3964	7.58e-05	0.0805	CGACACAATAAAG
SFP1		chrII	256022	256033	-	10.6276	7.58e-05	0.0179	AAAATCTTTTTT
PBF2		chrII	92329	92339	+	10.978	7.58e-05	0.201	ATGGTCATCGA
SFL1		chrII	691783	691797	-	10.872	7.62e-05	0.0368	TTAGAAGATTTCTTA
YRR1		chrII	146034	146043	+	11.0111	7.63e-05	0.0504	GTGGAAATAA
YNR063W		chrII	634980	634987	-	11.4556	7.63e-05	0.268	ATCTCCGG
YBR239C		chrII	369840	369848	+	10.8132	7.63e-05	0.233	TCCCGGAAT
UGA3		chrII	80854	80861	-	12.0263	7.63e-05	0.329	CGGCGGCA
UGA3		chrII	202921	202928	-	12.0263	7.63e-05	0.329	CGGCGGCA
STP4		chrII	788826	788835	+	10.8889	7.63e-05	0.152	GTGCGGCTTT
STP3		chrII	532389	532396	-	11.8158	7.63e-05	0.224	GATAGCGC
RTG3		chrII	727207	727215	-	11.1261	7.63e-05	0.136	TTCACGTGA
NRG1		chrII	371784	371792	-	11.1687	7.63e-05	0.297	TGGACCCTA
NHP10		chrII	147023	147030	-	11.7105	7.63e-05	1	TCCGGGGA
MET31		chrII	394510	394519	-	10.73	7.63e-05	0.228	AGATGTGGCA
MBP1		chrII	356697	356705	-	10.989	7.63e-05	0.229	TGACGCGCT
MAC1		chrII	698169	698176	+	11.35	7.63e-05	0.498	TGTGCTCG
HMRA2		chrII	238433	238440	+	11.3026	7.63e-05	0.0764	TATGTAAT
HMRA2		chrII	474145	474152	+	11.3026	7.63e-05	0.0764	TATGTAAT
GCR1		chrII	558473	558480	+	11.27	7.63e-05	0.247	TGGAAGTC
ADR1		chrII	373254	373261	+	11.6	7.63e-05	0.416	ACTCCAAT
GAL80		chrII	273860	273876	-	6.84685	7.63e-05	0.415	CGTAGTTTTCTGATCCG
STB3		chrII	604309	604319	+	10.2308	7.7e-05	0.00852	CATTTTTCATA
YRM1		chrII	88291	88300	-	10.7778	7.72e-05	0.037	ACAGAAATAA
PBF1		chrII	92330	92339	+	10.8242	7.72e-05	0.126	TGGTCATCGA
LYS14		chrII	247493	247502	-	10.8434	7.72e-05	0.0686	AAATTCCATG
LYS14		chrII	792711	792720	-	10.8434	7.72e-05	0.0686	AAATTCCTTG
REB1		chrII	310474	310484	+	10.8387	7.75e-05	0.0247	GCCGGGTGATA
SIP4		chrII	172354	172366	+	6.45	7.75e-05	0.105	CGTATTAAATGAC
FKH1		chrII	307064	307076	-	10.3407	7.76e-05	0.033	AATTGTAAATACT
ROX1		chrII	426989	427000	-	10.1667	7.77e-05	0.0438	TTTTTTGTTTTT
ROX1		chrII	738474	738485	-	10.1667	7.77e-05	0.0438	TTTTTTGTTTTT
NHP6B		chrII	647336	647346	-	10.1029	7.8e-05	0.0447	AAAATATTTTA
PHO2		chrII	535157	535166	-	10.5	7.82e-05	0.0532	ATTATTAAAT
CIN5		chrII	292162	292171	-	11.1974	7.82e-05	0.102	TTACTTAATT
NDT80		chrII	256404	256416	+	10.3333	7.83e-05	0.0805	TGCCAGAAAATCC
STB1		chrII	683239	683250	-	11.0333	7.83e-05	0.0859	ATATTTCGTGTA
THI2		chrII	275756	275770	+	3.34	7.9e-05	0.0679	GGAAAATGACAGAAA
RDS2		chrII	707270	707279	+	11.19	7.92e-05	0.095	GTAATTCCGA
LYS14		chrII	474161	474170	+	10.7711	7.92e-05	0.0686	GAATTCCGCT
CAD1		chrII	281038	281047	-	9.19	7.92e-05	0.1	ATTAATCAGT
ORC1		chrII	535151	535167	-	4.98889	7.92e-05	0.00322	CATTATTAAATTTCTTT
YGR067C		chrII	452308	452320	+	11.0556	7.94e-05	0.145	GCGGGGTGGGGGA
THI2		chrII	586374	586388	-	3.32	7.94e-05	0.0679	GGAAACGGAACGAAA
LEU3		chrII	301668	301681	-	10.7444	7.95e-05	0.23	GCGGAACCGGGGTA
NHP6B		chrII	539861	539871	+	10.08	7.96e-05	0.0447	TATATAAAGTG
ORC1		chrII	236238	236254	-	4.96667	7.97e-05	0.00322	TGTTTCTTTTCTTTGTT
MIG3		chrII	301649	301661	+	10.759	7.98e-05	0.309	GCTCCCCCACGCT
YBR239C		chrII	128952	128960	-	10.6813	8.01e-05	0.233	TACCGGAAA
RDR1		chrII	87909	87917	-	11.31	8.01e-05	0.146	AGCGGAAAA
RDR1		chrII	339467	339475	-	11.31	8.01e-05	0.146	AGCGGAAAA
PHD1		chrII	14061	14069	-	10.69	8.01e-05	0.124	CATGCATAT
PHD1		chrII	371721	371729	+	10.69	8.01e-05	0.124	CATGCATAT
PDR1		chrII	595124	595133	-	10.7111	8.01e-05	0.16	TCTCCACGCA
GCN4		chrII	533533	533541	+	10.78	8.01e-05	0.909	ATGAGTCAA
EDS1		chrII	576177	576185	-	11.5395	8.01e-05	0.0445	AGGAACAAT
EDS1		chrII	668273	668281	+	11.5395	8.01e-05	0.0445	AGGAACAAT
EDS1		chrII	738424	738432	-	11.5395	8.01e-05	0.0445	AGGAACAAT
EDS1		chrII	774610	774618	+	11.5395	8.01e-05	0.0445	AGGAACAAT
ORC1		chrII	201913	201929	-	4.94444	8.03e-05	0.00322	CTTTTTTTGCTTTTTTC
ORC1		chrII	611989	612005	+	4.94444	8.03e-05	0.00322	AAATTTTTACTTTTCGC
GLN3		chrII	490664	490674	-	11.1687	8.03e-05	0.32	CTGATAGGGGT
ORC1		chrII	69632	69648	-	4.93333	8.05e-05	0.00322	TTGATTTTCCTTTTTTT
ORC1		chrII	589545	589561	+	4.93333	8.05e-05	0.00322	TTTTTTTTTTCATTGAT
ORC1		chrII	792162	792178	+	4.93333	8.05e-05	0.00322	TTATTTCATGGTTTTTA
DAL82		chrII	278651	278664	+	10.2432	8.05e-05	0.728	GAAACGCAGATGTG
FKH2		chrII	664859	664871	+	10.0361	8.07e-05	0.0348	AAAAGAAAATAAA
REB1		chrII	369831	369841	+	10.7097	8.08e-05	0.025	AGAGGGTAATC
ORC1		chrII	75099	75115	-	4.91111	8.11e-05	0.00322	TGTTTTTTTTTTTACAA
ORC1		chrII	741222	741238	-	4.91111	8.11e-05	0.00322	AGTTTTTTCACTTTCGA
PBF1		chrII	100277	100286	-	10.7473	8.11e-05	0.126	ATCTCATCTC
OAF1		chrII	512846	512855	-	11.04	8.11e-05	0.24	TTAACTCCGC
CAD1		chrII	670366	670375	+	9.04	8.11e-05	0.1	CTTTATAAGC
RGT1		chrII	618708	618720	-	10.6923	8.16e-05	0.0484	TTAGCCGGGTAAA
ECM22		chrII	203253	203265	-	10.44	8.16e-05	0.438	CCGGGTTACAGGA
YGR067C		chrII	331619	331631	+	11.0111	8.17e-05	0.145	GAGGGGAAGTTAA
SKN7		chrII	706936	706949	+	10.5278	8.19e-05	0.273	AGGAAAGGGCCATA
STP4		chrII	378888	378897	-	10.8254	8.2e-05	0.152	GTACGGCTAT
PBF2		chrII	14029	14039	+	10.8242	8.2e-05	0.201	CTTCGCATCGC
CAD1		chrII	444791	444800	+	9.01	8.2e-05	0.1	GTTTATAAGC
TEA1		chrII	458488	458506	+	7.26667	8.21e-05	0.0858	TACGCGGGCAATAAAAAAT
STB3		chrII	581498	581508	-	10.1209	8.23e-05	0.00897	AACTTTTCACA
NHP6B		chrII	101742	101752	-	10.0571	8.23e-05	0.0447	CATATATAAAG
CUP2		chrII	339466	339476	-	8.40541	8.23e-05	0.066	GAGCGGAAAAG
ORC1		chrII	69633	69649	-	4.85556	8.24e-05	0.00326	CTTGATTTTCCTTTTTT
FKH1		chrII	128992	129004	-	10.2198	8.25e-05	0.0334	TGTTGCAAACAAT
ABF1		chrII	21388	21400	-	11.3133	8.26e-05	0.0242	ATCATACTTTACG
YRM1		chrII	146034	146043	+	10.6944	8.3e-05	0.0376	GTGGAAATAA
STB5		chrII	532387	532396	-	11.0843	8.3e-05	0.208	GATAGCGCCG
RPH1		chrII	311667	311676	-	11.08	8.3e-05	0.162	GTATAGGGGT
PHO2		chrII	429360	429369	+	10.4211	8.3e-05	0.0532	CTAATTAAAG
PHO2		chrII	691844	691853	+	10.4211	8.3e-05	0.0532	CTAATTAAAG
PBF1		chrII	356713	356722	+	10.7253	8.3e-05	0.126	ACGTCATCTC
RGT1		chrII	576178	576190	-	10.6593	8.32e-05	0.0484	TTTTAAGGAACAA
ORC1		chrII	664817	664833	+	4.81111	8.36e-05	0.00328	TTTATTTTCTTTCTTTC
NDT80		chrII	537634	537646	+	10.2072	8.37e-05	0.0805	ATACACAAAAAAT
YML081W		chrII	625162	625170	-	11.4096	8.39e-05	0.195	TTCCCCTCA
SNT2		chrII	28889	28898	+	6.92222	8.39e-05	0.368	CGCTAGCGCA
RTG3		chrII	405992	406000	+	10.982	8.39e-05	0.136	GTCGCGTGC
RPH1		chrII	340851	340860	-	11.07	8.39e-05	0.162	TTTAAGGGGA
PDR1		chrII	549199	549208	+	10.6667	8.39e-05	0.16	CTTCCGCGGT
MATALPHA2		chrII	406329	406337	-	8.46847	8.39e-05	0.0721	AGTTACATG
LYS14		chrII	707271	707280	+	10.6747	8.39e-05	0.0686	TAATTCCGAT
HAL9		chrII	760824	760841	-	11.0157	8.39e-05	0.65	TCCTACGTCTAGTGCGGA
GCN4		chrII	466530	466538	-	10.72	8.39e-05	0.909	CTGAGTCAC
RGT1		chrII	410912	410924	-	10.6374	8.41e-05	0.0484	TATTTCGGAGGAA
ORC1		chrII	760754	760770	-	4.78889	8.41e-05	0.00329	TTTGTTGATCTTTACTA
NHP6B		chrII	774595	774605	-	10.0457	8.44e-05	0.0447	TTTATATTGAA
MIG1		chrII	301651	301664	+	10.58	8.46e-05	0.111	TCCCCCACGCTAGT
TEA1		chrII	132318	132336	-	7.18889	8.46e-05	0.0858	TGATCGCGAAATGAAAAAC
SWI6		chrII	565545	565554	+	10.9737	8.49e-05	0.0662	GATGCGAAAA
ROX1		chrII	273922	273933	-	9.84444	8.49e-05	0.0444	CTCATTGTCGGT
PDR3		chrII	582638	582647	-	8.13	8.49e-05	0.121	TTTCCACAGA
PDR3		chrII	728217	728226	-	8.13	8.49e-05	0.121	TTTCCATGGA
NHP6A		chrII	101744	101753	-	10.6693	8.49e-05	0.0945	ACATATATAA
CIN5		chrII	547243	547252	+	11.0263	8.49e-05	0.102	TTATATAACA
SUM1		chrII	260175	260185	-	10.0361	8.51e-05	0.12	GTGTCCGTAAA
YOX1		chrII	533559	533577	+	10.1325	8.52e-05	0.0535	AATAATCAAATTGTGACAT
ABF1		chrII	75069	75081	+	11.2651	8.52e-05	0.0242	ATCGTGTTGCACG
ABF1		chrII	101407	101419	-	11.2651	8.52e-05	0.0242	GTCACCCAGGACG
ORC1		chrII	101332	101348	-	4.74444	8.53e-05	0.00329	TTTTTTTTTGCAATTTT
ORC1		chrII	371025	371041	-	4.74444	8.53e-05	0.00329	TGATCTCATGTTTTCTT
STB3		chrII	721207	721217	+	10.022	8.54e-05	0.00918	TATATTTCATT
YAP7		chrII	340834	340844	+	10.4211	8.58e-05	0.0983	TTGAATAAGCA
SPT15		chrII	340816	340825	-	10.83	8.58e-05	0.0665	GACATATATG
PDR1		chrII	645202	645211	-	10.6444	8.58e-05	0.16	TCTCCACGGT
PDR1		chrII	716650	716659	-	10.6444	8.58e-05	0.16	TCTCCACGGC
PBF1		chrII	341291	341300	-	10.6923	8.58e-05	0.126	TCGTCATCGA
SUM1		chrII	124930	124940	-	10.012	8.61e-05	0.12	ATGTCACGAAA
NHP6B		chrII	356170	356180	+	10.0229	8.63e-05	0.0447	TATAAATTATA
RGT1		chrII	645162	645174	-	10.5934	8.64e-05	0.0484	TATATCGGATAAT
STB1		chrII	565038	565049	-	10.8333	8.64e-05	0.0859	TCTTTTCGCGTT
MIG1		chrII	539895	539908	-	10.54	8.65e-05	0.111	TCCCCCTCTTTCCT
RAP1		chrII	28917	28927	-	10.507	8.65e-05	0.0491	AACCCATCCAT
STB3		chrII	356145	356155	+	10	8.68e-05	0.0092	CATTTTTCAAA
HSF1		chrII	444845	444858	+	8.94737	8.7e-05	0.0648	AAAAACTTCCAGAA
USV1		chrII	515574	515584	-	9.48889	8.7e-05	0.225	TGTCCCCTGAC
ASG1		chrII	278637	278651	+	9.99107	8.71e-05	0.52	CCGGTCGCGTTCCTG
SFP1		chrII	3907	3918	-	10.4138	8.73e-05	0.0201	AAAAAATTTCAA
SFP1		chrII	80845	80856	+	10.4138	8.73e-05	0.0201	AAATATTTTTGC
YGR067C		chrII	45368	45380	+	10.8889	8.75e-05	0.145	GCGGGGCGCGACA
ORC1		chrII	462049	462065	-	4.65556	8.76e-05	0.00337	CATTTTTTATTTTTCAT
REB1		chrII	80878	80888	+	10.4677	8.77e-05	0.0261	TCCGGGTGATG
NRG1		chrII	679355	679363	-	11.0602	8.77e-05	0.297	AGTACCCTT
GSM1		chrII	474129	474138	+	10.7033	8.77e-05	0.587	AACCGCCGGA
CUP2		chrII	670391	670401	-	8.36937	8.8e-05	0.066	CTGCGAAAATG
HAP1		chrII	680172	680183	-	10.4342	8.8e-05	0.341	CCGCTACCTCCT
ABF1		chrII	159961	159973	+	11.2169	8.81e-05	0.0245	ATCCCTTTTAACG
SMP1		chrII	360475	360487	-	10.3081	8.81e-05	0.107	ACCTATATTTGTT
MIG2		chrII	800357	800369	+	10.4699	8.82e-05	0.215	TTTACCCCGCCCC
RLM1		chrII	749440	749453	-	8.09	8.84e-05	0.0767	TTGAAAATTTAAAA
NHP6B		chrII	59629	59639	-	10.0057	8.85e-05	0.0447	TATATTTTTTG
YPR196W		chrII	147020	147029	+	10.712	8.87e-05	0.0318	TTTTCCCCGG
STP4		chrII	647358	647367	+	10.7143	8.87e-05	0.152	AAACGGCTGT
REB1		chrII	435817	435827	-	10.4355	8.87e-05	0.0261	GCCGGGTAGCG
ORC1		chrII	602375	602391	+	4.61111	8.88e-05	0.00337	CTTTTTTTCGCTTCTTT
RGT1		chrII	668268	668280	+	10.5495	8.88e-05	0.0484	GTTTCAGGAACAA
ORC1		chrII	452267	452283	-	4.6	8.92e-05	0.00337	TTTTTTTTTTCTTTTCC
SKN7		chrII	256325	256338	+	10.4375	8.93e-05	0.273	AAACAATGGCCAGA
SFP1		chrII	431907	431918	-	10.3724	8.93e-05	0.0201	AATAATTTTTAT
NDT80		chrII	479217	479229	-	10.0811	8.94e-05	0.0805	TTACAAAAAAACC
YGR067C		chrII	539901	539913	+	10.8444	8.94e-05	0.145	GAGGGGGATATCA
TBS1		chrII	376066	376075	-	10.4615	8.96e-05	0.491	CCGGAACCGG
PUT3		chrII	666569	666578	+	10.6396	8.96e-05	1	ACCCCGGAAA
NHP6A		chrII	429396	429405	-	10.5591	8.96e-05	0.0945	TATTATATTA
LYS14		chrII	549648	549657	+	10.5904	8.96e-05	0.0686	AATTTCCGGC
STB1		chrII	652841	652852	-	10.7556	8.97e-05	0.0859	AGGTTTGGTGTG
ORC1		chrII	307442	307458	-	4.57778	8.97e-05	0.00337	CATTTCCTTTTTTTTTT
YOX1		chrII	707262	707280	+	10.0361	8.98e-05	0.0535	GACAATTAGTAATTCCGAT
YOX1		chrII	761102	761120	+	10.0361	8.98e-05	0.0535	ATAACTTAATTTGTCTTTC
STB3		chrII	536365	536375	-	9.92308	8.99e-05	0.0094	TTTTTTCCAAT
SFP1		chrII	276663	276674	-	10.3586	9e-05	0.0201	AAAAAATCTGTT
USV1		chrII	356702	356712	-	9.42222	9.01e-05	0.225	TTACTCCTGAC
YOX1		chrII	140701	140719	+	10.0241	9.04e-05	0.0535	CTCAATCACATTTCTTTTT
PHO2		chrII	784954	784963	-	10.3509	9.06e-05	0.0551	CTAATTACAT
OAF1		chrII	634980	634989	-	10.83	9.06e-05	0.24	TCATCTCCGG
ORC1		chrII	664849	664865	-	4.54444	9.07e-05	0.00337	TTCTTTTTTTTCTTTTC
ORC1		chrII	741771	741787	-	4.54444	9.07e-05	0.00337	AATTTTTAACGTTTTGT
FKH1		chrII	426985	426997	+	10.011	9.08e-05	0.0336	AAAAAAAAACAAA
FKH1		chrII	738470	738482	+	10.011	9.08e-05	0.0336	AAAAAAAAACAAA
ORC1		chrII	536299	536315	+	4.53333	9.1e-05	0.00337	ATACTTCATCTTTTTTT
YGR067C		chrII	489429	489441	-	10.8111	9.1e-05	0.145	GAGGGGCAAGGTT
ORC1		chrII	427572	427588	+	4.52222	9.13e-05	0.00337	TTTAGTTAACTTTTTTC
ROX1		chrII	466469	466480	-	9.56667	9.14e-05	0.0447	TCTTTTGTGCAC
ZMS1		chrII	512865	512873	+	11.2763	9.16e-05	0.295	ATCCCCGCT
YML081W		chrII	490655	490663	-	11.3494	9.16e-05	0.195	CACCCCGCT
YML081W		chrII	501713	501721	+	11.3494	9.16e-05	0.195	CACCCCGCT
YDR520C		chrII	721243	721251	+	10.9222	9.16e-05	0.133	CGGAGTAAA
YDR026c		chrII	633490	633498	-	7.81	9.16e-05	0.0455	TTAACCCGG
YAP3		chrII	164376	164383	+	11.8553	9.16e-05	0.259	GTTACGTA
UGA3		chrII	246789	246796	+	11.5526	9.16e-05	0.329	GCGCGGGA
UGA3		chrII	488673	488680	+	11.5526	9.16e-05	0.329	GCGCGGGA
TBF1		chrII	145968	145976	-	11	9.16e-05	0.17	TGACCCTAA
SUT2		chrII	193668	193675	+	9.95556	9.16e-05	0.256	AACTCCGT
STP3		chrII	410857	410864	+	11.6316	9.16e-05	0.224	TCTAGCGC
STB4		chrII	586354	586362	-	9.95	9.16e-05	0.432	TCGTTCCGG
SPT15		chrII	80915	80924	+	10.71	9.16e-05	0.0665	GTATTATACA
SKO1		chrII	3950	3957	-	7.12613	9.16e-05	0.185	ACGTAGTG
RSC3		chrII	203204	203213	+	10.8778	9.16e-05	0.231	ATGGCGCGCC
RDS1		chrII	670408	670415	-	11.0659	9.16e-05	1	GCGGCCGC
MATALPHA2		chrII	537632	537640	+	8.2973	9.16e-05	0.0721	AAATACACA
HMRA2		chrII	100238	100245	+	11.1711	9.16e-05	0.0764	TATGTAAA
HMRA2		chrII	486874	486881	+	11.1711	9.16e-05	0.0764	TATGTAAA
HMRA2		chrII	576253	576260	-	11.1711	9.16e-05	0.0764	TATGTAAA
HCM1		chrII	391712	391719	-	10.7763	9.16e-05	0.0314	ATAAACAC
GAT3		chrII	633458	633465	-	10.8675	9.16e-05	0.984	AGAACTAC
ARO80		chrII	582292	582299	-	11.14	9.16e-05	0.757	CTCGGGTA
ORC1		chrII	505554	505570	-	4.5	9.19e-05	0.00338	GGTATTTTTTTCTAGTT
MCM1		chrII	281051	281066	-	10.4341	9.25e-05	0.197	TGTCCAAATTCAGTAC
MET31		chrII	495413	495422	-	10.34	9.25e-05	0.228	AAATGTGGTA
ORC1		chrII	535149	535165	-	4.47778	9.25e-05	0.00338	TTATTAAATTTCTTTTC
HAP1		chrII	647374	647385	+	10.3421	9.26e-05	0.341	GCGATAGTGCCG
STB3		chrII	549191	549201	+	9.85714	9.27e-05	0.00957	AATTTTTCCTT
RGT1		chrII	217215	217227	+	10.4725	9.28e-05	0.0486	TCTTCCAGAACAA
SPT15		chrII	476795	476804	+	10.69	9.35e-05	0.0665	GTTATATATC
PDR1		chrII	203212	203221	-	10.4	9.35e-05	0.16	TTTCCGCAGG
PDR1		chrII	586384	586393	+	10.4	9.35e-05	0.16	TTTCCGCAGG
RLM1		chrII	371031	371044	+	7.94	9.35e-05	0.0767	ACATGAGATCAGAA
ABF1		chrII	786973	786985	-	11.1205	9.36e-05	0.0254	ATCGTTTGGTACG
REB1		chrII	203256	203266	-	10.2419	9.39e-05	0.027	GCCGGGTTACA
TEA1		chrII	217276	217294	+	6.91111	9.4e-05	0.0858	TTTCCGCGGAATAATAAAT
ORC1		chrII	326191	326207	+	4.42222	9.41e-05	0.00338	TATTTTTTACATTTTTT
ORC1		chrII	770693	770709	+	4.42222	9.41e-05	0.00338	TTTTTTTTTCACTTTTT
ORC1		chrII	776436	776452	-	4.42222	9.41e-05	0.00338	CAATTTCAGTTTTTTTT
YKL222C		chrII	406024	406034	+	10.8111	9.42e-05	0.0827	CGCGGAGATTT
FKH2		chrII	336998	337010	-	9.66265	9.43e-05	0.0382	AACGACAAACAAA
NHP6A		chrII	589316	589325	-	10.4961	9.44e-05	0.0945	TAATATTTAA
ORC1		chrII	738461	738477	-	4.41111	9.45e-05	0.00338	TTTTTTTTTGTCGTTTA
ORC1		chrII	391711	391727	+	4.4	9.48e-05	0.00338	TGTGTTTATTTATAGAC
YPR013C		chrII	40637	40647	+	10.9333	9.51e-05	0.167	GATGTTGATCA
TBF1		chrII	544656	544664	-	10.988	9.54e-05	0.17	ATACCCTAA
SWI4		chrII	721237	721245	-	10.8873	9.54e-05	0.067	CCGCGAATA
STB4		chrII	707271	707279	+	9.88	9.54e-05	0.432	TAATTCCGA
PHD1		chrII	165312	165320	+	10.61	9.54e-05	0.127	CATGCATAC
PBF1		chrII	537602	537611	-	10.4615	9.54e-05	0.126	AGGGCATCGC
LYS14		chrII	62811	62820	-	10.4337	9.54e-05	0.0686	TATTTCCGGG
ORC1		chrII	623303	623319	+	4.36667	9.57e-05	0.00339	CTTGATTTCCTTTTTTC
MIG1		chrII	805053	805066	+	10.35	9.6e-05	0.111	GACCCCACACAATT
MCM1		chrII	407393	407408	+	10.3798	9.61e-05	0.197	TTTCCGCAGCGGGAAA
NHP6B		chrII	784945	784955	+	9.93143	9.61e-05	0.0465	AATATAAAAAT
TBS1		chrII	251401	251410	-	10.2967	9.63e-05	0.491	CCGGATCCCT
RDS2		chrII	326812	326821	-	10.87	9.63e-05	0.104	AAGATCCCGA
PHO2		chrII	122212	122221	-	10.2895	9.63e-05	0.0556	ATAATTTATT
ORC1		chrII	431901	431917	-	4.34444	9.64e-05	0.0034	ATAATTTTTATTTTTAC
STB3		chrII	351013	351023	-	9.76923	9.68e-05	0.00986	AATTATTCACC
SFL1		chrII	595179	595193	+	10.544	9.71e-05	0.0444	GCAGAAGAAACAAAG
FKH2		chrII	297867	297879	-	9.59036	9.71e-05	0.0382	AACTGTAAACAGC
YRR1		chrII	269740	269749	+	10.6111	9.73e-05	0.0596	ACGGTAATAA
PDR1		chrII	147001	147010	-	10.3889	9.73e-05	0.16	CTTCCGCAGA
MIG2		chrII	360446	360458	-	10.3012	9.77e-05	0.215	TGAACCCCGCCAT
ORC1		chrII	535150	535166	-	4.3	9.77e-05	0.00341	ATTATTAAATTTCTTTT
ORC1		chrII	776414	776430	-	4.3	9.77e-05	0.00341	CTTTTTTTCACTTTGAT
PBF2		chrII	100277	100287	-	10.5055	9.8e-05	0.206	TATCTCATCTC
RFX1		chrII	653219	653231	-	7.1	9.8e-05	0.258	TTTCCACGACAAG
YRM1		chrII	269740	269749	+	10.4861	9.82e-05	0.0422	ACGGTAATAA
SWI6		chrII	124929	124938	-	10.7105	9.82e-05	0.0726	GTCACGAAAC
LYS14		chrII	168167	168176	-	10.3373	9.82e-05	0.0686	ACATTCCGTA
CUP2		chrII	203213	203223	+	8.04505	9.82e-05	0.0681	CTGCGGAAAAG
YPR015C		chrII	555894	555905	-	8.76	9.86e-05	0.197	AATGAAAATCCT
ORC1		chrII	101337	101353	-	4.26667	9.87e-05	0.00343	CTATTTTTTTTTTTGCA
YBR239C		chrII	452326	452334	+	10.1868	9.92e-05	0.247	CACCGGAAC
PBF1		chrII	14035	14044	+	10.3516	9.92e-05	0.126	ATCGCATCGC
HAP4		chrII	680189	680197	+	8.75556	9.92e-05	0.12	TCATTGGCC
CHA4		chrII	512865	512873	+	10.91	9.92e-05	0.218	ATCCCCGCT
AFT1		chrII	267533	267542	+	10.4054	9.92e-05	0.246	AAATACACCC
HAP5		chrII	578205	578218	+	10.3889	9.93e-05	0.104	CGCATCTTATTACC
ABF1		chrII	561176	561188	-	11.0241	9.95e-05	0.0265	GTCATGGAACACG
ROX1		chrII	172374	172385	+	9.22222	9.97e-05	0.0457	TTTTTTGTCCTC

# FIMO (Find Individual Motif Occurrences): Version 5.4.1 compiled on Aug  1 2022 at 17:19:30
# The format of this file is described at https://meme-suite.org/meme/doc/fimo-output-format.html.
# fimo --parse-genomic-coord --max-strand --bgfile motif-file -oc data_acc/Motif_scan data_acc/SwissRegulon_s_cer.meme data_acc/atac_peaks.fa
